,,,,,,,,,,,,,,,a,,,a,,,a,,,,a-4,,TY2_P,-2,,,,,,,,,,,,,,,,,,,,,,,,,,,,,,,,,,,,
[2025-02-14 22:37:10.700] TY2_N,22:37:40.151],"2,5,6,4,",,,,[2025-02-14,22:37:10.700],TY2_N,,,,,,,"2,5,6,4,",,,"2,5,6,4,",,,"2,5,6,4,",,,,"1,5,2,3, ",,TY2_N,2,,,-2,-3,-2,2,3,-3,-2,2,3,3,-1,1,-3,3,-1,1,-3,-2,2,-2,-1,2,-2,1,1,3,1,-2,-1,,,,,
"[2025-02-14 22:37:10.700] Surface,->,3,SwitchID,->,SW02 ",22:37:40.151],"1,2,1,3,",,,,[2025-02-14,22:37:10.700],"Surface,->,3,SwitchID,->,SW02",,,,,,,"1,2,1,3,",,,"1,2,1,3,",,,"1,2,1,3,",,,,"2,6,5,5, ",,TZ2_N,3,,,,,,,,,,,,,,,,,,,,,,,,,,,,,,,,,,,,
"[2025-02-14 22:37:10.700] 1,6,2,3, ",22:37:40.151],"1,4,4,3,",,,,[2025-02-14,22:37:10.700],"1,6,2,3,",,,,,,,"1,4,4,3,",,,"1,4,4,3,",,,"1,4,4,3,",,,,"3,6,6,4, ",,TY1_N,-2,,,-2,-3,-2,2,3,-3,-2,2,3,3,-1,1,-3,3,-1,1,-3,-2,2,-2,-1,2,-2,1,1,3,1,-2,-1,,,,,
"[2025-02-14 22:37:10.700] 2,6,5,5, ",22:37:40.151],----------------------,,,,[2025-02-14,22:37:10.700],"2,6,5,5,",,,,,,,----------------------,,,----------------------,,,TY2_N,,,,"2,5,6,4,",,TY1_P,2,,,,,,,,,,,,,,,,,,,,,,,,,,,,,,,,,,,,
"[2025-02-14 22:37:10.700] 3,6,5,4, ",22:37:43.355],TY2_N,,,,[2025-02-14,22:37:10.700],"3,6,5,4,",,,,,,,TY2_N,,,TY2_N,,,"1,4,2,3,",,,,"1,2,1,3,",,TZ2_P,-3,,,,,,,,,,,,,,,,,,,,,,,,,,,,,,,,,,,,
"[2025-02-14 22:37:10.704] 4,6,5,2, ",22:37:43.355],"Surface,->,5,SwitchID,->,SW06",,,,[2025-02-14,22:37:10.704],"4,6,5,2,",,,,,,,"Surface,->,5,SwitchID,->,SW06",,,"1,4,2,3,",,,"2,6,5,5,",,,,"1,4,4,3,",,TZ2_N,3,,,,,,,,,,,,,,,,,,,,,,,,,,,,,,,,,,,,
"[2025-02-14 22:37:10.704] 1,4,1,3, ",22:37:43.355],"1,4,2,3,",,,,[2025-02-14,22:37:10.704],"1,4,1,3,",,,,,,,"1,4,2,3,",,,"2,6,5,5,",,,"3,6,2,4,",,,,"1,4,2,3,",,TY1_N,-2,,,,,,,,,,,,,,,,,,,,,,,,,,,,,,,,,,,,
"[2025-02-14 22:37:10.704] 1,2,4,3, ",22:37:43.355],"2,6,5,5,",,,,[2025-02-14,22:37:10.704],"1,2,4,3,",,,,,,,"2,6,5,5,",,,"3,6,2,4,",,,"5,4,2,6,",,,,"2,6,5,5,",,TY1_P,2,,,,,,,,,,,,,,,,,,,,,,,,,,,,,,,,,,,,
[2025-02-14 22:37:10.704] ----------------------,22:37:43.355],"3,6,2,4,",,,,[2025-02-14,22:37:10.704],----------------------,,,,,,,"3,6,2,4,",,,"5,4,2,6,",,,"1,5,1,3,",,,,"3,6,2,4,",,TZ2_P,-3,,,,,,,,,,,,,,,,,,,,,,,,,,,,,,,,,,,,
[2025-02-14 22:37:10.914] TY2_N,22:37:43.361],"5,4,2,6,",,,,[2025-02-14,22:37:10.914],TY2_N,,,,,,,"5,4,2,6,",,,"1,5,1,3,",,,"1,6,4,3,",,,,"5,4,2,6,",,TZ1_P,3,,,,,,-2,-2,2,3,-2,2,-3,3,-2,2,-3,3,-1,1,-3,3,-1,1,-3,-2,2,-2,-1,-2,2,1,-1,-3,-1,-2,1
"[2025-02-14 22:37:10.914] Surface,->,3,SwitchID,->,SW02 ",22:37:43.361],"1,5,1,3,",,,,[2025-02-14,22:37:10.914],"Surface,->,3,SwitchID,->,SW02",,,,,,,"1,5,1,3,",,,"1,6,4,3,",,,TZ2_N,,,,"1,5,1,3,",,TX1_N,-1,,,,,,2,,,,,,,,,,,,,,,,,,,,,,,,,,,,,,
"[2025-02-14 22:37:10.914] 1,2,2,3, ",22:37:43.361],"1,6,4,3,",,,,[2025-02-14,22:37:10.914],"1,2,2,3,",,,,,,,"1,6,4,3,",,,----------------------,,,"2,6,2,3,",,,,"1,6,4,3,",,TX1_P,1,,,,,,3,-2,2,3,-2,2,-3,3,-2,2,-3,3,-1,1,-3,3,-1,1,-3,-2,2,-2,-1,-2,2,1,-1,-3,-1,-2,1
"[2025-02-14 22:37:10.914] 2,6,5,5, ",22:37:43.361],----------------------,,,,[2025-02-14,22:37:10.914],"2,6,5,5,",,,,,,,----------------------,,,TZ2_N,,,"3,6,5,5,",,,,"2,6,2,3,",,TZ1_N,-3,,,,,,-2,,,,,,,,,,,,,,,,,,,,,,,,,,,,,,
"[2025-02-14 22:37:10.914] 3,6,4,4, ",22:37:50.418],TZ2_N,,,,[2025-02-14,22:37:10.914],"3,6,4,4,",,,,,,,TZ2_N,,,"2,6,2,3,",,,"5,4,2,4,",,,,"3,6,5,5,",,TZ1_P,3,,,,,,2,,,,,,,,,,,,,,,,,,,,,,,,,,,,,,
"[2025-02-14 22:37:10.919] 6,2,4,5, ",22:37:50.418],"Surface,->,1,SwitchID,->,SW08",,,,[2025-02-14,22:37:10.919],"6,2,4,5,",,,,,,,"Surface,->,1,SwitchID,->,SW08",,,"3,6,5,5,",,,"1,4,2,6,",,,,"5,4,2,4,",,TX1_N,-1,,,,,,-3,,,,,,,,,,,,,,,,,,,,,,,,,,,,,,
"[2025-02-14 22:37:10.919] 1,6,1,3, ",22:37:50.418],"2,6,2,3,",,,,[2025-02-14,22:37:10.919],"1,6,1,3,",,,,,,,"2,6,2,3,",,,"5,4,2,4,",,,"1,5,1,3,",,,,"1,4,2,6,",,TX1_P,1,,,,,,3,,,,,,,,,,,,,,,,,,,,,,,,,,,,,,
"[2025-02-14 22:37:10.919] 1,5,4,3, ",22:37:50.418],"3,6,5,5,",,,,[2025-02-14,22:37:10.919],"1,5,4,3,",,,,,,,"3,6,5,5,",,,"1,4,2,6,",,,"6,3,1,4,",,,,"1,5,1,3,",,TZ1_N,-3,,,,,,-2,,,,,,,,,,,,,,,,,,,,,,,,,,,,,,
[2025-02-14 22:37:10.919] ----------------------,22:37:50.418],"5,4,2,4,",,,,[2025-02-14,22:37:10.919],----------------------,,,,,,,"5,4,2,4,",,,"1,5,1,3,",,,TY1_N,,,,"6,3,1,4,",,TY1_N,-2,,,,,,2,,,,,,,,,,,,,,,,,,,,,,,,,,,,,,
[2025-02-14 22:37:23.211] c,22:37:50.424],"1,4,2,6,",,,,[2025-02-14,22:37:23.211],c,,,,,,,"1,4,2,6,",,,"6,3,1,4,",,,"6,6,1,3,",,,,"6,6,1,3,",,TY1_P,2,,,,,,-3,,,,,,,,,,,,,,,,,,,,,,,,,,,,,,
[2025-02-14 22:37:29.741] r,22:37:50.424],"1,5,1,3,",,,,[2025-02-14,22:37:29.741],r,,,,,,,"1,5,1,3,",,,----------------------,,,"5,3,5,6,",,,,"5,3,5,6,",,TY1_N,-2,-2,,,,,3,,,,,,,,,,,,,,,,,,,,,,,,,,,,,,
[2025-02-14 22:37:29.741] restart RUBIK CUBE,22:37:50.424],"6,3,1,4,",,,,[2025-02-14,22:37:29.741],restart RUBIK CUBE,,,,,,,"6,3,1,4,",,,TY1_N,,,"5,1,2,1,",,,,"5,1,2,1,",,TX1_N,-1,,,,,,-1,,,,,,,,,,,,,,,,,,,,,,,,,,,,,,
[2025-02-14 22:37:29.741] command list,22:37:50.424],----------------------,,,,[2025-02-14,22:37:29.741],command list,,,,,,,----------------------,,,"6,6,1,3,",,,"1,4,2,6,",,,,"1,4,2,6,",,TY2_P,-2,,,,,,1,,,,,,,,,,,,,,,,,,,,,,,,,,,,,,
[2025-02-14 22:37:29.741] [d]:displaymode,22:37:51.274],TY1_N,,,,[2025-02-14,22:37:29.741],[d]:displaymode,,,,,,,TY1_N,,,"5,3,5,6,",,,"2,5,2,3,",,,,"2,5,2,3,",,TY2_N,2,,,,,,-3,,,,,,,,,,,,,,,,,,,,,,,,,,,,,,
[2025-02-14 22:37:29.741] [r]:reset,22:37:51.274],"Surface,->,1,SwitchID,->,SW05",,,,[2025-02-14,22:37:29.741],[r]:reset,,,,,,,"Surface,->,1,SwitchID,->,SW05",,,"5,1,2,1,",,,"4,3,4,4,",,,,"4,3,4,4,",,TX1_P,1,,,,,,3,,,,,,,,,,,,,,,,,,,,,,,,,,,,,,
[2025-02-14 22:37:29.747] init RUBIK CUBE,22:37:51.274],"6,6,1,3,",,,,[2025-02-14,22:37:29.747],init RUBIK CUBE,,,,,,,"6,6,1,3,",,,"1,4,2,6,",,,TY1_P,,,,"2,6,2,3,",,TX2_P,-1,-1,,,,,-1,,,,,,,,,,,,,,,,,,,,,,,,,,,,,,
"[2025-02-14 22:37:29.747] 1,1,1,1, ",22:37:51.274],"5,3,5,6,",,,,[2025-02-14,22:37:29.747],"1,1,1,1,",,,,,,,"5,3,5,6,",,,"2,5,2,3,",,,"2,6,2,3,",,,,"3,6,5,5,",,TZ2_P,-3,-3,,,,,1,,,,,,,,,,,,,,,,,,,,,,,,,,,,,,
"[2025-02-14 22:37:29.747] 2,2,2,2, ",22:37:51.274],"5,1,2,1,",,,,[2025-02-14,22:37:29.747],"2,2,2,2,",,,,,,,"5,1,2,1,",,,"4,3,4,4,",,,"3,6,5,5,",,,,"5,4,2,4,",,TX2_P,-1,-1,-3,,3,,-3,,,,,,,,,,,,,,,,,,,,,,,,,,,,,,
"[2025-02-14 22:37:29.747] 3,3,3,3, ",22:37:51.280],"1,4,2,6,",,,,[2025-02-14,22:37:29.747],"3,3,3,3,",,,,,,,"1,4,2,6,",,,----------------------,,,"5,4,2,4,",,,,"1,4,2,6,",,TY1_N,-2,-2,-2,,2,,-2,,,,,,,,,,,,,,,,,,,,,,,,,,,,,,
"[2025-02-14 22:37:29.747] 4,4,4,4, ",22:37:51.280],"2,5,2,3,",,,,[2025-02-14,22:37:29.747],"4,4,4,4,",,,,,,,"2,5,2,3,",,,TY1_P,,,"1,4,2,6,",,,,"1,5,1,3,",,TX2_N,1,1,-1,,1,,2,,,,,,,,,,,,,,,,,,,,,,,,,,,,,,
"[2025-02-14 22:37:29.747] 5,5,5,5, ",22:37:51.280],"4,3,4,4,",,,,[2025-02-14,22:37:29.747],"5,5,5,5,",,,,,,,"4,3,4,4,",,,"2,6,2,3,",,,"1,5,1,3,",,,,"6,3,1,4,",,,,,,,3,,-2,,,,,,,,,,,,,,,,,,,,,,,,,,,,,,
"[2025-02-14 22:37:29.752] 6,6,6,6, ",22:37:51.280],----------------------,,,,[2025-02-14,22:37:29.752],"6,6,6,6,",,,,,,,----------------------,,,"3,6,5,5,",,,"6,3,1,4,",,,,"1,4,2,3,",,,,,,,-2,,-1,,,,,,,,,,,,,,,,,,,,,,,,,,,,,,
[2025-02-14 22:37:29.752] ----------------------,22:37:53.309],TY1_P,,,,[2025-02-14,22:37:29.752],----------------------,,,,,,,TY1_P,,,"5,4,2,4,",,,TZ2_P,,,,"2,6,5,5,",,,,,,,-2,,-2,,,,,,,,,,,,,,,,,,,,,,,,,,,,,,
[2025-02-14 22:37:29.752] Order Mode,22:37:53.309],"Surface,->,1,SwitchID,->,SW02",,,,[2025-02-14,22:37:29.752],Order Mode,,,,,,,"Surface,->,1,SwitchID,->,SW02",,,"1,4,2,6,",,,"1,4,2,3,",,,,"3,6,2,4,",,,,,3,,1,,2,,,,,,,,,,,,,,,,,,,,,,,,,,,,,,
"[2025-02-14 22:37:29.752] 1,4,2,3, ",22:37:53.309],"2,6,2,3,",,,,[2025-02-14,22:37:29.752],"1,4,2,3,",,,,,,,"2,6,2,3,",,,"1,5,1,3,",,,"2,6,5,5,",,,,"5,4,2,6,",,,,,2,,3,,1,,,,,,,,,,,,,,,,,,,,,,,,,,,,,,
"[2025-02-14 22:37:29.758] 2,6,5,5, ",22:37:53.309],"3,6,5,5,",,,,[2025-02-14,22:37:29.758],"2,6,5,5,",,,,,,,"3,6,5,5,",,,"6,3,1,4,",,,"3,6,2,4,",,,,"1,5,1,3,",,,,,1,,1,,-1,,,,,,,,,,,,,,,,,,,,,,,,,,,,,,
"[2025-02-14 22:37:29.758] 3,6,2,4, ",22:37:53.309],"5,4,2,4,",,,,[2025-02-14,22:37:29.758],"3,6,2,4,",,,,,,,"5,4,2,4,",,,----------------------,,,"5,4,2,6,",,,,"1,6,4,3,",,,,,3,,-2,,-3,,,,,,,,,,,,,,,,,,,,,,,,,,,,,,
"[2025-02-14 22:37:29.758] 5,4,2,6, ",22:37:53.314],"1,4,2,6,",,,,[2025-02-14,22:37:29.758],"5,4,2,6,",,,,,,,"1,4,2,6,",,,TZ2_P,,,"1,5,1,3,",,,,"2,6,2,3,",,,,,-2,,-1,,-1,,,,,,,,,,,,,,,,,,,,,,,,,,,,,,
"[2025-02-14 22:37:29.758] 1,5,1,3, ",22:37:53.314],"1,5,1,3,",,,,[2025-02-14,22:37:29.758],"1,5,1,3,",,,,,,,"1,5,1,3,",,,"1,4,2,3,",,,"1,6,4,3,",,,,"3,6,5,5,",,,,,1,,,,-2,,,,,,,,,,,,,,,,,,,,,,,,,,,,,,
"[2025-02-14 22:37:29.758] 1,6,4,3, ",22:37:53.314],"6,3,1,4,",,,,[2025-02-14,22:37:29.758],"1,6,4,3,",,,,,,,"6,3,1,4,",,,"2,6,5,5,",,,TZ2_N,,,,"5,4,2,4,",,,,,3,,,,1,,,,,,,,,,,,,,,,,,,,,,,,,,,,,,
[2025-02-14 22:37:29.758] ----------------------,22:37:53.314],----------------------,,,,[2025-02-14,22:37:29.758],----------------------,,,,,,,----------------------,,,"3,6,2,4,",,,"2,6,2,3,",,,,"1,4,2,6,",,,,,1,,,,,,,,,,,,,,,,,,,,,,,,,,,,,,,,,,
[2025-02-14 22:37:29.764] RUBIK CUBE START,22:37:53.952],TZ2_P,,,,[2025-02-14,22:37:29.764],RUBIK CUBE START,,,,,,,TZ2_P,,,"5,4,2,6,",,,"3,6,5,5,",,,,"1,5,1,3,",,,,,-2,,,,,,,,,,,,,,,,,,,,,,,,,,,,,,,,,,
[2025-02-14 22:37:30.184] ,22:37:53.952],"Surface,->,1,SwitchID,->,SW03",,,,[2025-02-14,22:37:30.184],,,,,,,,"Surface,->,1,SwitchID,->,SW03",,,"1,5,1,3,",,,"5,4,2,4,",,,,"6,3,1,4,",,,,,-1,,,,,,,,,,,,,,,,,,,,,,,,,,,,,,,,,,
[2025-02-14 22:37:40.145] TY2_P,22:37:53.952],"1,4,2,3,",,,,[2025-02-14,22:37:40.145],TY2_P,,,,,,,"1,4,2,3,",,,"1,6,4,3,",,,"1,4,2,6,",,,,"6,6,1,3,",,,,,,,,,,,,,,,,,,,,,,,,,,,,,,,,,,,,,,,
"[2025-02-14 22:37:40.145] Surface,->,1,SwitchID,->,SW01 ",22:37:53.952],"2,6,5,5,",,,,[2025-02-14,22:37:40.145],"Surface,->,1,SwitchID,->,SW01",,,,,,,"2,6,5,5,",,,----------------------,,,"1,5,1,3,",,,,"5,3,5,6,",,,,,,,,,,,,,,,,,,,,,,,,,,,,,,,,,,,,,,,
"[2025-02-14 22:37:40.145] 1,5,2,3, ",22:37:53.952],"3,6,2,4,",,,,[2025-02-14,22:37:40.145],"1,5,2,3,",,,,,,,"3,6,2,4,",,,TZ2_N,,,"6,3,1,4,",,,,"5,1,2,1,",,,,,,,,,,,,,,,,,,,,,,,,,,,,,,,,,,,,,,,
"[2025-02-14 22:37:40.145] 2,6,5,5, ",22:37:53.958],"5,4,2,6,",,,,[2025-02-14,22:37:40.145],"2,6,5,5,",,,,,,,"5,4,2,6,",,,"2,6,2,3,",,,TY1_N,,,,"1,4,2,6,",,,,,,,,,,,,,,,,,,,,,,,,,,,,,,,,,,,,,,,
"[2025-02-14 22:37:40.145] 3,6,6,4, ",22:37:53.958],"1,5,1,3,",,,,[2025-02-14,22:37:40.145],"3,6,6,4,",,,,,,,"1,5,1,3,",,,"3,6,5,5,",,,"6,6,1,3,",,,,"2,5,2,3,",,,,,,,,,,,,,,,,,,,,,,,,,,,,,,,,,,,,,,,
"[2025-02-14 22:37:40.151] 2,5,6,4, ",22:37:53.958],"1,6,4,3,",,,,[2025-02-14,22:37:40.151],"2,5,6,4,",,,,,,,"1,6,4,3,",,,"5,4,2,4,",,,"5,3,5,6,",,,,"4,3,4,4,",,,,,,,,,,,,,,,,,,,,,,,,,,,,,,,,,,,,,,,
"[2025-02-14 22:37:40.151] 1,2,1,3, ",22:37:53.958],----------------------,,,,[2025-02-14,22:37:40.151],"1,2,1,3,",,,,,,,----------------------,,,"1,4,2,6,",,,"5,1,2,1,",,,,"2,6,2,3,",,,,,,,,,,,,,,,,,,,,,,,,,,,,,,,,,,,,,,,
"[2025-02-14 22:37:40.151] 1,4,4,3, ",22:37:56.628],TZ2_N,,,,[2025-02-14,22:37:40.151],"1,4,4,3,",,,,,,,TZ2_N,,,"1,5,1,3,",,,"1,4,2,6,",,,,"3,6,5,5,",,,,,,,,,,,,,,,,,,,,,,,,,,,,,,,,,,,,,,,
[2025-02-14 22:37:40.151] ----------------------,22:37:56.628],"Surface,->,1,SwitchID,->,SW08",,,,[2025-02-14,22:37:40.151],----------------------,,,,,,,"Surface,->,1,SwitchID,->,SW08",,,"6,3,1,4,",,,"2,5,2,3,",,,,"5,4,2,4,",,,,,,,,,,,,,,,,,,,,,,,,,,,,,,,,,,,,,,,
[2025-02-14 22:37:43.355] TY2_N,22:37:56.628],"2,6,2,3,",,,,[2025-02-14,22:37:43.355],TY2_N,,,,,,,"2,6,2,3,",,,----------------------,,,"4,3,4,4,",,,,"1,4,2,6,",,,,,,,,,,,,,,,,,,,,,,,,,,,,,,,,,,,,,,,
"[2025-02-14 22:37:43.355] Surface,->,5,SwitchID,->,SW06 ",22:37:56.628],"3,6,5,5,",,,,[2025-02-14,22:37:43.355],"Surface,->,5,SwitchID,->,SW06",,,,,,,"3,6,5,5,",,,TY1_N,,,TY1_P,,,,"1,5,1,3,",,,,,,,,,,,,,,,,,,,,,,,,,,,,,,,,,,,,,,,
"[2025-02-14 22:37:43.355] 1,4,2,3, ",22:37:56.628],"5,4,2,4,",,,,[2025-02-14,22:37:43.355],"1,4,2,3,",,,,,,,"5,4,2,4,",,,"6,6,1,3,",,,"2,6,2,3,",,,,"6,3,1,4,",,,,,,,,,,,,,,,,,,,,,,,,,,,,,,,,,,,,,,,
"[2025-02-14 22:37:43.355] 2,6,5,5, ",22:37:56.634],"1,4,2,6,",,,,[2025-02-14,22:37:43.355],"2,6,5,5,",,,,,,,"1,4,2,6,",,,"5,3,5,6,",,,"3,6,5,5,",,,,"1,4,2,3,",,,,,,,,,,,,,,,,,,,,,,,,,,,,,,,,,,,,,,,
"[2025-02-14 22:37:43.355] 3,6,2,4, ",22:37:56.634],"1,5,1,3,",,,,[2025-02-14,22:37:43.355],"3,6,2,4,",,,,,,,"1,5,1,3,",,,"5,1,2,1,",,,"5,4,2,4,",,,,"2,6,5,5,",,,,,,,,,,,,,,,,,,,,,,,,,,,,,,,,,,,,,,,
"[2025-02-14 22:37:43.361] 5,4,2,6, ",22:37:56.634],"6,3,1,4,",,,,[2025-02-14,22:37:43.361],"5,4,2,6,",,,,,,,"6,3,1,4,",,,"1,4,2,6,",,,"1,4,2,6,",,,,"3,6,2,4,",,,,,,,,,,,,,,,,,,,,,,,,,,,,,,,,,,,,,,,
"[2025-02-14 22:37:43.361] 1,5,1,3, ",22:37:56.634],----------------------,,,,[2025-02-14,22:37:43.361],"1,5,1,3,",,,,,,,----------------------,,,"2,5,2,3,",,,"1,5,1,3,",,,,"5,4,2,6,",,,,,,,,,,,,,,,,,,,,,,,,,,,,,,,,,,,,,,,
"[2025-02-14 22:37:43.361] 1,6,4,3, ",22:37:57.057],TY1_N,,,,[2025-02-14,22:37:43.361],"1,6,4,3,",,,,,,,TY1_N,,,"4,3,4,4,",,,"6,3,1,4,",,,,"1,5,1,3,",,,,,,,,,,,,,,,,,,,,,,,,,,,,,,,,,,,,,,,
[2025-02-14 22:37:43.361] ----------------------,22:37:57.057],"Surface,->,1,SwitchID,->,SW05",,,,[2025-02-14,22:37:43.361],----------------------,,,,,,,"Surface,->,1,SwitchID,->,SW05",,,----------------------,,,TZ2_P,,,,"1,6,4,3,",,,,,,,,,,,,,,,,,,,,,,,,,,,,,,,,,,,,,,,
[2025-02-14 22:37:50.418] TZ2_N,22:37:57.057],"6,6,1,3,",,,,[2025-02-14,22:37:50.418],TZ2_N,,,,,,,"6,6,1,3,",,,TY1_P,,,"1,4,2,3,",,,,"1,4,2,6,",,,,,,,,,,,,,,,,,,,,,,,,,,,,,,,,,,,,,,,
"[2025-02-14 22:37:50.418] Surface,->,1,SwitchID,->,SW08 ",22:37:57.057],"5,3,5,6,",,,,[2025-02-14,22:37:50.418],"Surface,->,1,SwitchID,->,SW08",,,,,,,"5,3,5,6,",,,"2,6,2,3,",,,"2,6,5,5,",,,,"2,6,2,3,",,,,,,,,,,,,,,,,,,,,,,,,,,,,,,,,,,,,,,,
"[2025-02-14 22:37:50.418] 2,6,2,3, ",22:37:57.057],"5,1,2,1,",,,,[2025-02-14,22:37:50.418],"2,6,2,3,",,,,,,,"5,1,2,1,",,,"3,6,5,5,",,,"3,6,2,4,",,,,"3,6,5,5,",,,,,,,,,,,,,,,,,,,,,,,,,,,,,,,,,,,,,,,
"[2025-02-14 22:37:50.418] 3,6,5,5, ",22:37:57.062],"1,4,2,6,",,,,[2025-02-14,22:37:50.418],"3,6,5,5,",,,,,,,"1,4,2,6,",,,"5,4,2,4,",,,"5,4,2,6,",,,,"5,4,2,4,",,,,,,,,,,,,,,,,,,,,,,,,,,,,,,,,,,,,,,,
"[2025-02-14 22:37:50.418] 5,4,2,4, ",22:37:57.062],"2,5,2,3,",,,,[2025-02-14,22:37:50.418],"5,4,2,4,",,,,,,,"2,5,2,3,",,,"1,4,2,6,",,,"1,5,1,3,",,,,"5,3,1,1,",,,,,,,,,,,,,,,,,,,,,,,,,,,,,,,,,,,,,,,
"[2025-02-14 22:37:50.424] 1,4,2,6, ",22:37:57.062],"4,3,4,4,",,,,[2025-02-14,22:37:50.424],"1,4,2,6,",,,,,,,"4,3,4,4,",,,"1,5,1,3,",,,"1,6,4,3,",,,,"1,6,4,3,",,,,,,,,,,,,,,,,,,,,,,,,,,,,,,,,,,,,,,,
"[2025-02-14 22:37:50.424] 1,5,1,3, ",22:37:57.062],----------------------,,,,[2025-02-14,22:37:50.424],"1,5,1,3,",,,,,,,----------------------,,,"6,3,1,4,",,,TZ1_P,,,,"2,1,6,4,",,,,,,,,,,,,,,,,,,,,,,,,,,,,,,,,,,,,,,,
"[2025-02-14 22:37:50.424] 6,3,1,4, ",22:38:15.783],TY1_P,,,,[2025-02-14,22:37:50.424],"6,3,1,4,",,,,,,,TY1_P,,,----------------------,,,"1,4,2,6,",,,,"2,5,2,3,",,,,,,,,,,,,,,,,,,,,,,,,,,,,,,,,,,,,,,,
[2025-02-14 22:37:50.424] ----------------------,22:38:15.783],"Surface,->,1,SwitchID,->,SW02",,,,[2025-02-14,22:37:50.424],----------------------,,,,,,,"Surface,->,1,SwitchID,->,SW02",,,TZ2_P,,,"2,6,2,3,",,,,"3,6,5,5,",,,,,,,,,,,,,,,,,,,,,,,,,,,,,,,,,,,,,,,
[2025-02-14 22:37:51.274] TY1_N,22:38:15.783],"2,6,2,3,",,,,[2025-02-14,22:37:51.274],TY1_N,,,,,,,"2,6,2,3,",,,"1,4,2,3,",,,"3,6,5,5,",,,,"4,4,3,4,",,,,,,,,,,,,,,,,,,,,,,,,,,,,,,,,,,,,,,,
"[2025-02-14 22:37:51.274] Surface,->,1,SwitchID,->,SW05 ",22:38:15.783],"3,6,5,5,",,,,[2025-02-14,22:37:51.274],"Surface,->,1,SwitchID,->,SW05",,,,,,,"3,6,5,5,",,,"2,6,5,5,",,,"5,4,2,4,",,,,"2,5,1,1,",,,,,,,,,,,,,,,,,,,,,,,,,,,,,,,,,,,,,,,
"[2025-02-14 22:37:51.274] 6,6,1,3, ",22:38:15.783],"5,4,2,4,",,,,[2025-02-14,22:37:51.274],"6,6,1,3,",,,,,,,"5,4,2,4,",,,"3,6,2,4,",,,"5,3,1,1,",,,,"1,6,3,6,",,,,,,,,,,,,,,,,,,,,,,,,,,,,,,,,,,,,,,,
"[2025-02-14 22:37:51.274] 5,3,5,6, ",22:38:15.790],"1,4,2,6,",,,,[2025-02-14,22:37:51.274],"5,3,5,6,",,,,,,,"1,4,2,6,",,,"5,4,2,6,",,,"1,6,4,3,",,,,"1,4,2,6,",,,,,,,,,,,,,,,,,,,,,,,,,,,,,,,,,,,,,,,
"[2025-02-14 22:37:51.274] 5,1,2,1, ",22:38:15.790],"1,5,1,3,",,,,[2025-02-14,22:37:51.274],"5,1,2,1,",,,,,,,"1,5,1,3,",,,"1,5,1,3,",,,TX1_N,,,,"2,6,2,3,",,,,,,,,,,,,,,,,,,,,,,,,,,,,,,,,,,,,,,,
"[2025-02-14 22:37:51.280] 1,4,2,6, ",22:38:15.790],"6,3,1,4,",,,,[2025-02-14,22:37:51.280],"1,4,2,6,",,,,,,,"6,3,1,4,",,,"1,6,4,3,",,,"2,1,6,4,",,,,"3,6,5,5,",,,,,,,,,,,,,,,,,,,,,,,,,,,,,,,,,,,,,,,
"[2025-02-14 22:37:51.280] 2,5,2,3, ",22:38:15.790],----------------------,,,,[2025-02-14,22:37:51.280],"2,5,2,3,",,,,,,,----------------------,,,----------------------,,,"2,5,2,3,",,,,"5,4,2,4,",,,,,,,,,,,,,,,,,,,,,,,,,,,,,,,,,,,,,,,
"[2025-02-14 22:37:51.280] 4,3,4,4, ",22:38:16.319],TZ2_P,,,,[2025-02-14,22:37:51.280],"4,3,4,4,",,,,,,,TZ2_P,,,TZ1_P,,,"3,6,5,5,",,,,"5,3,1,1,",,,,,,,,,,,,,,,,,,,,,,,,,,,,,,,,,,,,,,,
[2025-02-14 22:37:51.280] ----------------------,22:38:16.319],"Surface,->,1,SwitchID,->,SW03",,,,[2025-02-14,22:37:51.280],----------------------,,,,,,,"Surface,->,1,SwitchID,->,SW03",,,"1,4,2,6,",,,"4,4,3,4,",,,,"1,6,4,3,",,,,,,,,,,,,,,,,,,,,,,,,,,,,,,,,,,,,,,,
[2025-02-14 22:37:53.309] TY1_P,22:38:16.319],"1,4,2,3,",,,,[2025-02-14,22:37:53.309],TY1_P,,,,,,,"1,4,2,3,",,,"2,6,2,3,",,,"2,5,1,1,",,,,"1,4,2,3,",,,,,,,,,,,,,,,,,,,,,,,,,,,,,,,,,,,,,,,
"[2025-02-14 22:37:53.309] Surface,->,1,SwitchID,->,SW02 ",22:38:16.319],"2,6,5,5,",,,,[2025-02-14,22:37:53.309],"Surface,->,1,SwitchID,->,SW02",,,,,,,"2,6,5,5,",,,"3,6,5,5,",,,"1,6,3,6,",,,,"2,6,5,5,",,,,,,,,,,,,,,,,,,,,,,,,,,,,,,,,,,,,,,,
"[2025-02-14 22:37:53.309] 2,6,2,3, ",22:38:16.319],"3,6,2,4,",,,,[2025-02-14,22:37:53.309],"2,6,2,3,",,,,,,,"3,6,2,4,",,,"5,4,2,4,",,,TX1_P,,,,"3,6,2,4,",,,,,,,,,,,,,,,,,,,,,,,,,,,,,,,,,,,,,,,
"[2025-02-14 22:37:53.309] 3,6,5,5, ",22:38:16.326],"5,4,2,6,",,,,[2025-02-14,22:37:53.309],"3,6,5,5,",,,,,,,"5,4,2,6,",,,"5,3,1,1,",,,"1,4,2,6,",,,,"5,4,2,6,",,,,,,,,,,,,,,,,,,,,,,,,,,,,,,,,,,,,,,,
"[2025-02-14 22:37:53.309] 5,4,2,4, ",22:38:16.326],"1,5,1,3,",,,,[2025-02-14,22:37:53.309],"5,4,2,4,",,,,,,,"1,5,1,3,",,,"1,6,4,3,",,,"2,6,2,3,",,,,"1,5,1,3,",,,,,,,,,,,,,,,,,,,,,,,,,,,,,,,,,,,,,,,
"[2025-02-14 22:37:53.314] 1,4,2,6, ",22:38:16.326],"1,6,4,3,",,,,[2025-02-14,22:37:53.314],"1,4,2,6,",,,,,,,"1,6,4,3,",,,----------------------,,,"3,6,5,5,",,,,"1,6,4,3,",,,,,,,,,,,,,,,,,,,,,,,,,,,,,,,,,,,,,,,
"[2025-02-14 22:37:53.314] 1,5,1,3, ",22:38:16.326],----------------------,,,,[2025-02-14,22:37:53.314],"1,5,1,3,",,,,,,,----------------------,,,TX1_N,,,"5,4,2,4,",,,,"1,4,2,6,",,,,,,,,,,,,,,,,,,,,,,,,,,,,,,,,,,,,,,,
"[2025-02-14 22:37:53.314] 6,3,1,4, ",22:38:38.361],TZ1_P,,,,[2025-02-14,22:37:53.314],"6,3,1,4,",,,,,,,TZ1_P,,,"2,1,6,4,",,,"5,3,1,1,",,,,"2,6,2,3,",,,,,,,,,,,,,,,,,,,,,,,,,,,,,,,,,,,,,,,
[2025-02-14 22:37:53.314] ----------------------,22:38:38.362],"Surface,->,2,SwitchID,->,SW04",,,,[2025-02-14,22:37:53.314],----------------------,,,,,,,"Surface,->,2,SwitchID,->,SW04",,,"2,5,2,3,",,,"1,6,4,3,",,,,"3,6,5,5,",,,,,,,,,,,,,,,,,,,,,,,,,,,,,,,,,,,,,,,
[2025-02-14 22:37:53.952] TZ2_P,22:38:38.362],"1,4,2,6,",,,,[2025-02-14,22:37:53.952],TZ2_P,,,,,,,"1,4,2,6,",,,"3,6,5,5,",,,TZ1_N,,,,"5,4,2,4,",,,,,,,,,,,,,,,,,,,,,,,,,,,,,,,,,,,,,,,
"[2025-02-14 22:37:53.952] Surface,->,1,SwitchID,->,SW03 ",22:38:38.362],"2,6,2,3,",,,,[2025-02-14,22:37:53.952],"Surface,->,1,SwitchID,->,SW03",,,,,,,"2,6,2,3,",,,"4,4,3,4,",,,"1,4,2,3,",,,,"5,3,1,1,",,,,,,,,,,,,,,,,,,,,,,,,,,,,,,,,,,,,,,,
"[2025-02-14 22:37:53.952] 1,4,2,3, ",22:38:38.362],"3,6,5,5,",,,,[2025-02-14,22:37:53.952],"1,4,2,3,",,,,,,,"3,6,5,5,",,,"2,5,1,1,",,,"2,6,5,5,",,,,"1,6,4,3,",,,,,,,,,,,,,,,,,,,,,,,,,,,,,,,,,,,,,,,
"[2025-02-14 22:37:53.952] 2,6,5,5, ",22:38:38.368],"5,4,2,4,",,,,[2025-02-14,22:37:53.952],"2,6,5,5,",,,,,,,"5,4,2,4,",,,"1,6,3,6,",,,"3,6,2,4,",,,,"2,1,6,4,",,,,,,,,,,,,,,,,,,,,,,,,,,,,,,,,,,,,,,,
"[2025-02-14 22:37:53.952] 3,6,2,4, ",22:38:38.368],"5,3,1,1,",,,,[2025-02-14,22:37:53.952],"3,6,2,4,",,,,,,,"5,3,1,1,",,,----------------------,,,"5,4,2,6,",,,,"2,5,2,3,",,,,,,,,,,,,,,,,,,,,,,,,,,,,,,,,,,,,,,,
"[2025-02-14 22:37:53.958] 5,4,2,6, ",22:38:38.368],"1,6,4,3,",,,,[2025-02-14,22:37:53.958],"5,4,2,6,",,,,,,,"1,6,4,3,",,,TX1_P,,,"1,5,1,3,",,,,"3,6,5,5,",,,,,,,,,,,,,,,,,,,,,,,,,,,,,,,,,,,,,,,
"[2025-02-14 22:37:53.958] 1,5,1,3, ",22:38:38.368],----------------------,,,,[2025-02-14,22:37:53.958],"1,5,1,3,",,,,,,,----------------------,,,"1,4,2,6,",,,"1,6,4,3,",,,,"4,4,3,4,",,,,,,,,,,,,,,,,,,,,,,,,,,,,,,,,,,,,,,,
"[2025-02-14 22:37:53.958] 1,6,4,3, ",22:38:41.467],TX1_N,,,,[2025-02-14,22:37:53.958],"1,6,4,3,",,,,,,,TX1_N,,,"2,6,2,3,",,,TZ1_P,,,,"2,5,1,1,",,,,,,,,,,,,,,,,,,,,,,,,,,,,,,,,,,,,,,,
[2025-02-14 22:37:53.958] ----------------------,22:38:41.467],"Surface,->,2,SwitchID,->,SW01",,,,[2025-02-14,22:37:53.958],----------------------,,,,,,,"Surface,->,2,SwitchID,->,SW01",,,"3,6,5,5,",,,"1,4,2,6,",,,,"1,6,3,6,",,,,,,,,,,,,,,,,,,,,,,,,,,,,,,,,,,,,,,,
[2025-02-14 22:37:56.628] TZ2_N,22:38:41.467],"2,1,6,4,",,,,[2025-02-14,22:37:56.628],TZ2_N,,,,,,,"2,1,6,4,",,,"5,4,2,4,",,,"2,6,2,3,",,,,"1,4,2,6,",,,,,,,,,,,,,,,,,,,,,,,,,,,,,,,,,,,,,,,
"[2025-02-14 22:37:56.628] Surface,->,1,SwitchID,->,SW08 ",22:38:41.467],"2,5,2,3,",,,,[2025-02-14,22:37:56.628],"Surface,->,1,SwitchID,->,SW08",,,,,,,"2,5,2,3,",,,"5,3,1,1,",,,"3,6,5,5,",,,,"2,6,2,3,",,,,,,,,,,,,,,,,,,,,,,,,,,,,,,,,,,,,,,,
"[2025-02-14 22:37:56.628] 2,6,2,3, ",22:38:41.467],"3,6,5,5,",,,,[2025-02-14,22:37:56.628],"2,6,2,3,",,,,,,,"3,6,5,5,",,,"1,6,4,3,",,,"5,4,2,4,",,,,"3,6,5,5,",,,,,,,,,,,,,,,,,,,,,,,,,,,,,,,,,,,,,,,
"[2025-02-14 22:37:56.628] 3,6,5,5, ",22:38:41.480],"4,4,3,4,",,,,[2025-02-14,22:37:56.628],"3,6,5,5,",,,,,,,"4,4,3,4,",,,----------------------,,,"5,3,1,1,",,,,"5,4,2,4,",,,,,,,,,,,,,,,,,,,,,,,,,,,,,,,,,,,,,,,
"[2025-02-14 22:37:56.628] 5,4,2,4, ",22:38:41.480],"2,5,1,1,",,,,[2025-02-14,22:37:56.628],"5,4,2,4,",,,,,,,"2,5,1,1,",,,TZ1_N,,,"1,6,4,3,",,,,"5,3,1,1,",,,,,,,,,,,,,,,,,,,,,,,,,,,,,,,,,,,,,,,
"[2025-02-14 22:37:56.634] 1,4,2,6, ",22:38:41.480],"1,6,3,6,",,,,[2025-02-14,22:37:56.634],"1,4,2,6,",,,,,,,"1,6,3,6,",,,"1,4,2,3,",,,TX1_N,,,,"1,6,4,3,",,,,,,,,,,,,,,,,,,,,,,,,,,,,,,,,,,,,,,,
"[2025-02-14 22:37:56.634] 1,5,1,3, ",22:38:41.480],----------------------,,,,[2025-02-14,22:37:56.634],"1,5,1,3,",,,,,,,----------------------,,,"2,6,5,5,",,,"2,1,6,4,",,,,"1,4,2,3,",,,,,,,,,,,,,,,,,,,,,,,,,,,,,,,,,,,,,,,
"[2025-02-14 22:37:56.634] 6,3,1,4, ",22:38:48.637],TX1_P,,,,[2025-02-14,22:37:56.634],"6,3,1,4,",,,,,,,TX1_P,,,"3,6,2,4,",,,"2,5,2,3,",,,,"2,6,5,5,",,,,,,,,,,,,,,,,,,,,,,,,,,,,,,,,,,,,,,,
[2025-02-14 22:37:56.634] ----------------------,22:38:48.637],"Surface,->,2,SwitchID,->,SW06",,,,[2025-02-14,22:37:56.634],----------------------,,,,,,,"Surface,->,2,SwitchID,->,SW06",,,"5,4,2,6,",,,"3,6,5,5,",,,,"3,6,2,4,",,,,,,,,,,,,,,,,,,,,,,,,,,,,,,,,,,,,,,,
[2025-02-14 22:37:57.057] TY1_N,22:38:48.637],"1,4,2,6,",,,,[2025-02-14,22:37:57.057],TY1_N,,,,,,,"1,4,2,6,",,,"1,5,1,3,",,,"4,4,3,4,",,,,"5,4,2,6,",,,,,,,,,,,,,,,,,,,,,,,,,,,,,,,,,,,,,,,
"[2025-02-14 22:37:57.057] Surface,->,1,SwitchID,->,SW05 ",22:38:48.637],"2,6,2,3,",,,,[2025-02-14,22:37:57.057],"Surface,->,1,SwitchID,->,SW05",,,,,,,"2,6,2,3,",,,"1,6,4,3,",,,"2,5,1,1,",,,,"1,5,1,3,",,,,,,,,,,,,,,,,,,,,,,,,,,,,,,,,,,,,,,,
"[2025-02-14 22:37:57.057] 6,6,1,3, ",22:38:48.637],"3,6,5,5,",,,,[2025-02-14,22:37:57.057],"6,6,1,3,",,,,,,,"3,6,5,5,",,,----------------------,,,"1,6,3,6,",,,,"1,6,4,3,",,,,,,,,,,,,,,,,,,,,,,,,,,,,,,,,,,,,,,,
"[2025-02-14 22:37:57.057] 5,3,5,6, ",22:38:48.657],"5,4,2,4,",,,,[2025-02-14,22:37:57.057],"5,3,5,6,",,,,,,,"5,4,2,4,",,,TZ1_P,,,TX1_P,,,,"1,4,4,3,",,,,,,,,,,,,,,,,,,,,,,,,,,,,,,,,,,,,,,,
"[2025-02-14 22:37:57.057] 5,1,2,1, ",22:38:48.657],"5,3,1,1,",,,,[2025-02-14,22:37:57.057],"5,1,2,1,",,,,,,,"5,3,1,1,",,,"1,4,2,6,",,,"1,4,2,6,",,,,"5,2,5,6,",,,,,,,,,,,,,,,,,,,,,,,,,,,,,,,,,,,,,,,
"[2025-02-14 22:37:57.062] 1,4,2,6, ",22:38:48.657],"1,6,4,3,",,,,[2025-02-14,22:37:57.062],"1,4,2,6,",,,,,,,"1,6,4,3,",,,"2,6,2,3,",,,"2,6,2,3,",,,,"3,1,2,1,",,,,,,,,,,,,,,,,,,,,,,,,,,,,,,,,,,,,,,,
"[2025-02-14 22:37:57.062] 2,5,2,3, ",22:38:48.657],----------------------,,,,[2025-02-14,22:37:57.062],"2,5,2,3,",,,,,,,----------------------,,,"3,6,5,5,",,,"3,6,5,5,",,,,"5,4,2,6,",,,,,,,,,,,,,,,,,,,,,,,,,,,,,,,,,,,,,,,
"[2025-02-14 22:37:57.062] 4,3,4,4, ",22:38:49.493],TZ1_N,,,,[2025-02-14,22:37:57.062],"4,3,4,4,",,,,,,,TZ1_N,,,"5,4,2,4,",,,"5,4,2,4,",,,,"1,5,2,3,",,,,,,,,,,,,,,,,,,,,,,,,,,,,,,,,,,,,,,,
[2025-02-14 22:37:57.062] ----------------------,22:38:49.493],"Surface,->,2,SwitchID,->,SW07",,,,[2025-02-14,22:37:57.062],----------------------,,,,,,,"Surface,->,2,SwitchID,->,SW07",,,"5,3,1,1,",,,"5,3,1,1,",,,,"4,6,6,3,",,,,,,,,,,,,,,,,,,,,,,,,,,,,,,,,,,,,,,,
[2025-02-14 22:38:15.783] TY1_P,22:38:49.493],"1,4,2,3,",,,,[2025-02-14,22:38:15.783],TY1_P,,,,,,,"1,4,2,3,",,,"1,6,4,3,",,,"1,6,4,3,",,,,"1,4,2,3,",,,,,,,,,,,,,,,,,,,,,,,,,,,,,,,,,,,,,,,
"[2025-02-14 22:38:15.783] Surface,->,1,SwitchID,->,SW02 ",22:38:49.493],"2,6,5,5,",,,,[2025-02-14,22:38:15.783],"Surface,->,1,SwitchID,->,SW02",,,,,,,"2,6,5,5,",,,----------------------,,,TZ1_N,,,,"2,6,5,5,",,,,,,,,,,,,,,,,,,,,,,,,,,,,,,,,,,,,,,,
"[2025-02-14 22:38:15.783] 2,6,2,3, ",22:38:49.493],"3,6,2,4,",,,,[2025-02-14,22:38:15.783],"2,6,2,3,",,,,,,,"3,6,2,4,",,,TX1_N,,,"1,4,2,3,",,,,"3,6,2,4,",,,,,,,,,,,,,,,,,,,,,,,,,,,,,,,,,,,,,,,
"[2025-02-14 22:38:15.783] 3,6,5,5, ",22:38:49.502],"5,4,2,6,",,,,[2025-02-14,22:38:15.783],"3,6,5,5,",,,,,,,"5,4,2,6,",,,"2,1,6,4,",,,"2,6,5,5,",,,,"5,4,2,6,",,,,,,,,,,,,,,,,,,,,,,,,,,,,,,,,,,,,,,,
"[2025-02-14 22:38:15.783] 5,4,2,4, ",22:38:49.502],"1,5,1,3,",,,,[2025-02-14,22:38:15.783],"5,4,2,4,",,,,,,,"1,5,1,3,",,,"2,5,2,3,",,,"3,6,2,4,",,,,"1,5,1,3,",,,,,,,,,,,,,,,,,,,,,,,,,,,,,,,,,,,,,,,
"[2025-02-14 22:38:15.790] 1,4,2,6, ",22:38:49.502],"1,6,4,3,",,,,[2025-02-14,22:38:15.790],"1,4,2,6,",,,,,,,"1,6,4,3,",,,"3,6,5,5,",,,"5,4,2,6,",,,,"1,6,4,3,",,,,,,,,,,,,,,,,,,,,,,,,,,,,,,,,,,,,,,,
"[2025-02-14 22:38:15.790] 1,5,1,3, ",22:38:49.502],----------------------,,,,[2025-02-14,22:38:15.790],"1,5,1,3,",,,,,,,----------------------,,,"4,4,3,4,",,,"1,5,1,3,",,,,"1,4,4,3,",,,,,,,,,,,,,,,,,,,,,,,,,,,,,,,,,,,,,,,
"[2025-02-14 22:38:15.790] 6,3,1,4, ",22:38:55.915],TZ1_P,,,,[2025-02-14,22:38:15.790],"6,3,1,4,",,,,,,,TZ1_P,,,"2,5,1,1,",,,"1,6,4,3,",,,,"5,2,5,6,",,,,,,,,,,,,,,,,,,,,,,,,,,,,,,,,,,,,,,,
[2025-02-14 22:38:15.790] ----------------------,22:38:55.915],"Surface,->,2,SwitchID,->,SW04",,,,[2025-02-14,22:38:15.790],----------------------,,,,,,,"Surface,->,2,SwitchID,->,SW04",,,"1,6,3,6,",,,TY1_N,,,,"3,1,2,1,",,,,,,,,,,,,,,,,,,,,,,,,,,,,,,,,,,,,,,,
[2025-02-14 22:38:16.319] TZ2_P,22:38:55.915],"1,4,2,6,",,,,[2025-02-14,22:38:16.319],TZ2_P,,,,,,,"1,4,2,6,",,,----------------------,,,"1,4,4,3,",,,,"5,4,2,6,",,,,,,,,,,,,,,,,,,,,,,,,,,,,,,,,,,,,,,,
"[2025-02-14 22:38:16.319] Surface,->,1,SwitchID,->,SW03 ",22:38:55.915],"2,6,2,3,",,,,[2025-02-14,22:38:16.319],"Surface,->,1,SwitchID,->,SW03",,,,,,,"2,6,2,3,",,,TX1_P,,,"5,2,5,6,",,,,"1,5,2,3,",,,,,,,,,,,,,,,,,,,,,,,,,,,,,,,,,,,,,,,
"[2025-02-14 22:38:16.319] 1,4,2,3, ",22:38:55.915],"3,6,5,5,",,,,[2025-02-14,22:38:16.319],"1,4,2,3,",,,,,,,"3,6,5,5,",,,"1,4,2,6,",,,"3,1,2,1,",,,,"4,6,6,3,",,,,,,,,,,,,,,,,,,,,,,,,,,,,,,,,,,,,,,,
"[2025-02-14 22:38:16.319] 2,6,5,5, ",22:38:55.923],"5,4,2,4,",,,,[2025-02-14,22:38:16.319],"2,6,5,5,",,,,,,,"5,4,2,4,",,,"2,6,2,3,",,,"5,4,2,6,",,,,"4,1,3,4,",,,,,,,,,,,,,,,,,,,,,,,,,,,,,,,,,,,,,,,
"[2025-02-14 22:38:16.319] 3,6,2,4, ",22:38:55.923],"5,3,1,1,",,,,[2025-02-14,22:38:16.319],"3,6,2,4,",,,,,,,"5,3,1,1,",,,"3,6,5,5,",,,"1,5,2,3,",,,,"5,1,5,5,",,,,,,,,,,,,,,,,,,,,,,,,,,,,,,,,,,,,,,,
"[2025-02-14 22:38:16.326] 5,4,2,6, ",22:38:55.923],"1,6,4,3,",,,,[2025-02-14,22:38:16.326],"5,4,2,6,",,,,,,,"1,6,4,3,",,,"5,4,2,4,",,,"4,6,6,3,",,,,"3,1,2,1,",,,,,,,,,,,,,,,,,,,,,,,,,,,,,,,,,,,,,,,
"[2025-02-14 22:38:16.326] 1,5,1,3, ",22:38:55.923],----------------------,,,,[2025-02-14,22:38:16.326],"1,5,1,3,",,,,,,,----------------------,,,"5,3,1,1,",,,TY1_P,,,,"6,4,3,6,",,,,,,,,,,,,,,,,,,,,,,,,,,,,,,,,,,,,,,,
"[2025-02-14 22:38:16.326] 1,6,4,3, ",22:38:57.842],TX1_N,,,,[2025-02-14,22:38:16.326],"1,6,4,3,",,,,,,,TX1_N,,,"1,6,4,3,",,,"1,4,2,3,",,,,"2,5,2,3,",,,,,,,,,,,,,,,,,,,,,,,,,,,,,,,,,,,,,,,
[2025-02-14 22:38:16.326] ----------------------,22:38:57.842],"Surface,->,2,SwitchID,->,SW01",,,,[2025-02-14,22:38:16.326],----------------------,,,,,,,"Surface,->,2,SwitchID,->,SW01",,,----------------------,,,"2,6,5,5,",,,,"4,6,6,2,",,,,,,,,,,,,,,,,,,,,,,,,,,,,,,,,,,,,,,,
[2025-02-14 22:38:38.361] TZ1_P,22:38:57.842],"2,1,6,4,",,,,[2025-02-14,22:38:38.361],TZ1_P,,,,,,,"2,1,6,4,",,,TZ1_N,,,"3,6,2,4,",,,,"4,5,3,3,",,,,,,,,,,,,,,,,,,,,,,,,,,,,,,,,,,,,,,,
"[2025-02-14 22:38:38.362] Surface,->,2,SwitchID,->,SW04 ",22:38:57.842],"2,5,2,3,",,,,[2025-02-14,22:38:38.362],"Surface,->,2,SwitchID,->,SW04",,,,,,,"2,5,2,3,",,,"1,4,2,3,",,,"5,4,2,6,",,,,"5,1,5,5,",,,,,,,,,,,,,,,,,,,,,,,,,,,,,,,,,,,,,,,
"[2025-02-14 22:38:38.362] 1,4,2,6, ",22:38:57.842],"3,6,5,5,",,,,[2025-02-14,22:38:38.362],"1,4,2,6,",,,,,,,"3,6,5,5,",,,"2,6,5,5,",,,"1,5,1,3,",,,,"2,1,6,1,",,,,,,,,,,,,,,,,,,,,,,,,,,,,,,,,,,,,,,,
"[2025-02-14 22:38:38.362] 2,6,2,3, ",22:38:57.849],"4,4,3,4,",,,,[2025-02-14,22:38:38.362],"2,6,2,3,",,,,,,,"4,4,3,4,",,,"3,6,2,4,",,,"1,6,4,3,",,,,"3,6,6,4,",,,,,,,,,,,,,,,,,,,,,,,,,,,,,,,,,,,,,,,
"[2025-02-14 22:38:38.362] 3,6,5,5, ",22:38:57.849],"2,5,1,1,",,,,[2025-02-14,22:38:38.362],"3,6,5,5,",,,,,,,"2,5,1,1,",,,"5,4,2,6,",,,TY1_N,,,,"2,2,2,3,",,,,,,,,,,,,,,,,,,,,,,,,,,,,,,,,,,,,,,,
"[2025-02-14 22:38:38.368] 5,4,2,4, ",22:38:57.849],"1,6,3,6,",,,,[2025-02-14,22:38:38.368],"5,4,2,4,",,,,,,,"1,6,3,6,",,,"1,5,1,3,",,,"1,4,4,3,",,,,"4,1,6,4,",,,,,,,,,,,,,,,,,,,,,,,,,,,,,,,,,,,,,,,
"[2025-02-14 22:38:38.368] 5,3,1,1, ",22:38:57.849],----------------------,,,,[2025-02-14,22:38:38.368],"5,3,1,1,",,,,,,,----------------------,,,"1,6,4,3,",,,"5,2,5,6,",,,,"4,1,3,4,",,,,,,,,,,,,,,,,,,,,,,,,,,,,,,,,,,,,,,,
"[2025-02-14 22:38:38.368] 1,6,4,3, ",22:39:10.576],TX1_P,,,,[2025-02-14,22:38:38.368],"1,6,4,3,",,,,,,,TX1_P,,,----------------------,,,"3,1,2,1,",,,,"5,1,5,5,",,,,,,,,,,,,,,,,,,,,,,,,,,,,,,,,,,,,,,,
[2025-02-14 22:38:38.368] ----------------------,22:39:10.576],"Surface,->,2,SwitchID,->,SW06",,,,[2025-02-14,22:38:38.368],----------------------,,,,,,,"Surface,->,2,SwitchID,->,SW06",,,TY1_N,,,"5,4,2,6,",,,,"3,1,2,1,",,,,,,,,,,,,,,,,,,,,,,,,,,,,,,,,,,,,,,,
[2025-02-14 22:38:41.467] TX1_N,22:39:10.576],"1,4,2,6,",,,,[2025-02-14,22:38:41.467],TX1_N,,,,,,,"1,4,2,6,",,,"1,4,4,3,",,,"1,5,2,3,",,,,"6,4,3,6,",,,,,,,,,,,,,,,,,,,,,,,,,,,,,,,,,,,,,,,
"[2025-02-14 22:38:41.467] Surface,->,2,SwitchID,->,SW01 ",22:39:10.576],"2,6,2,3,",,,,[2025-02-14,22:38:41.467],"Surface,->,2,SwitchID,->,SW01",,,,,,,"2,6,2,3,",,,"5,2,5,6,",,,"4,6,6,3,",,,,"2,5,2,3,",,,,,,,,,,,,,,,,,,,,,,,,,,,,,,,,,,,,,,,
"[2025-02-14 22:38:41.467] 2,1,6,4, ",22:39:10.576],"3,6,5,5,",,,,[2025-02-14,22:38:41.467],"2,1,6,4,",,,,,,,"3,6,5,5,",,,"3,1,2,1,",,,TX1_N,,,,"4,6,6,2,",,,,,,,,,,,,,,,,,,,,,,,,,,,,,,,,,,,,,,,
"[2025-02-14 22:38:41.467] 2,5,2,3, ",22:39:10.638],"5,4,2,4,",,,,[2025-02-14,22:38:41.467],"2,5,2,3,",,,,,,,"5,4,2,4,",,,"5,4,2,6,",,,"4,1,3,4,",,,,"1,4,4,3,",,,,,,,,,,,,,,,,,,,,,,,,,,,,,,,,,,,,,,,
"[2025-02-14 22:38:41.467] 3,6,5,5, ",22:39:10.638],"5,3,1,1,",,,,[2025-02-14,22:38:41.467],"3,6,5,5,",,,,,,,"5,3,1,1,",,,"1,5,2,3,",,,"5,1,5,5,",,,,"5,2,5,6,",,,,,,,,,,,,,,,,,,,,,,,,,,,,,,,,,,,,,,,
"[2025-02-14 22:38:41.480] 4,4,3,4, ",22:39:10.638],"1,6,4,3,",,,,[2025-02-14,22:38:41.480],"4,4,3,4,",,,,,,,"1,6,4,3,",,,"4,6,6,3,",,,"3,1,2,1,",,,,"3,1,2,1,",,,,,,,,,,,,,,,,,,,,,,,,,,,,,,,,,,,,,,,
"[2025-02-14 22:38:41.480] 2,5,1,1, ",22:39:10.638],----------------------,,,,[2025-02-14,22:38:41.480],"2,5,1,1,",,,,,,,----------------------,,,----------------------,,,"6,4,3,6,",,,,"5,4,2,6,",,,,,,,,,,,,,,,,,,,,,,,,,,,,,,,,,,,,,,,
"[2025-02-14 22:38:41.480] 1,6,3,6, ",22:39:11.112],TZ1_N,,,,[2025-02-14,22:38:41.480],"1,6,3,6,",,,,,,,TZ1_N,,,TY1_P,,,"2,5,2,3,",,,,"1,5,2,3,",,,,,,,,,,,,,,,,,,,,,,,,,,,,,,,,,,,,,,,
[2025-02-14 22:38:41.480] ----------------------,22:39:11.112],"Surface,->,2,SwitchID,->,SW07",,,,[2025-02-14,22:38:41.480],----------------------,,,,,,,"Surface,->,2,SwitchID,->,SW07",,,"1,4,2,3,",,,"4,6,6,2,",,,,"4,6,6,3,",,,,,,,,,,,,,,,,,,,,,,,,,,,,,,,,,,,,,,,
[2025-02-14 22:38:48.637] TX1_P,22:39:11.112],"1,4,2,3,",,,,[2025-02-14,22:38:48.637],TX1_P,,,,,,,"1,4,2,3,",,,"2,6,5,5,",,,TY2_P,,,,"1,4,4,3,",,,,,,,,,,,,,,,,,,,,,,,,,,,,,,,,,,,,,,,
"[2025-02-14 22:38:48.637] Surface,->,2,SwitchID,->,SW06 ",22:39:11.112],"2,6,5,5,",,,,[2025-02-14,22:38:48.637],"Surface,->,2,SwitchID,->,SW06",,,,,,,"2,6,5,5,",,,"3,6,2,4,",,,"4,5,3,3,",,,,"6,2,4,6,",,,,,,,,,,,,,,,,,,,,,,,,,,,,,,,,,,,,,,,
"[2025-02-14 22:38:48.637] 1,4,2,6, ",22:39:11.112],"3,6,2,4,",,,,[2025-02-14,22:38:48.637],"1,4,2,6,",,,,,,,"3,6,2,4,",,,"5,4,2,6,",,,"5,1,5,5,",,,,"2,3,1,1,",,,,,,,,,,,,,,,,,,,,,,,,,,,,,,,,,,,,,,,
"[2025-02-14 22:38:48.637] 2,6,2,3, ",22:39:11.123],"5,4,2,6,",,,,[2025-02-14,22:38:48.637],"2,6,2,3,",,,,,,,"5,4,2,6,",,,"1,5,1,3,",,,"2,1,6,1,",,,,"5,3,2,2,",,,,,,,,,,,,,,,,,,,,,,,,,,,,,,,,,,,,,,,
"[2025-02-14 22:38:48.637] 3,6,5,5, ",22:39:11.123],"1,5,1,3,",,,,[2025-02-14,22:38:48.637],"3,6,5,5,",,,,,,,"1,5,1,3,",,,"1,6,4,3,",,,"3,6,6,4,",,,,"1,5,5,5,",,,,,,,,,,,,,,,,,,,,,,,,,,,,,,,,,,,,,,,
"[2025-02-14 22:38:48.657] 5,4,2,4, ",22:39:11.123],"1,6,4,3,",,,,[2025-02-14,22:38:48.657],"5,4,2,4,",,,,,,,"1,6,4,3,",,,----------------------,,,"2,2,2,3,",,,,"4,6,6,3,",,,,,,,,,,,,,,,,,,,,,,,,,,,,,,,,,,,,,,,
"[2025-02-14 22:38:48.657] 5,3,1,1, ",22:39:11.123],----------------------,,,,[2025-02-14,22:38:48.657],"5,3,1,1,",,,,,,,----------------------,,,TY1_N,,,"4,1,6,4,",,,,"5,3,4,3,",,,,,,,,,,,,,,,,,,,,,,,,,,,,,,,,,,,,,,,
"[2025-02-14 22:38:48.657] 1,6,4,3, ",22:39:58.726],TY1_N,,,,[2025-02-14,22:38:48.657],"1,6,4,3,",,,,,,,TY1_N,,,"1,4,4,3,",,,TY2_N,,,,"1,4,4,6,",,,,,,,,,,,,,,,,,,,,,,,,,,,,,,,,,,,,,,,
[2025-02-14 22:38:48.657] ----------------------,22:39:58.726],"Surface,->,5,SwitchID,->,SW05",,,,[2025-02-14,22:38:48.657],----------------------,,,,,,,"Surface,->,5,SwitchID,->,SW05",,,"5,2,5,6,",,,"4,1,3,4,",,,,"6,2,1,1,",,,,,,,,,,,,,,,,,,,,,,,,,,,,,,,,,,,,,,,
[2025-02-14 22:38:49.493] TZ1_N,22:39:58.726],"1,4,4,3,",,,,[2025-02-14,22:38:49.493],TZ1_N,,,,,,,"1,4,4,3,",,,"3,1,2,1,",,,"5,1,5,5,",,,,"2,3,2,2,",,,,,,,,,,,,,,,,,,,,,,,,,,,,,,,,,,,,,,,
"[2025-02-14 22:38:49.493] Surface,->,2,SwitchID,->,SW07 ",22:39:58.726],"5,2,5,6,",,,,[2025-02-14,22:38:49.493],"Surface,->,2,SwitchID,->,SW07",,,,,,,"5,2,5,6,",,,"5,4,2,6,",,,"3,1,2,1,",,,,"1,5,5,5,",,,,,,,,,,,,,,,,,,,,,,,,,,,,,,,,,,,,,,,
"[2025-02-14 22:38:49.493] 1,4,2,3, ",22:39:58.726],"3,1,2,1,",,,,[2025-02-14,22:38:49.493],"1,4,2,3,",,,,,,,"3,1,2,1,",,,"1,5,2,3,",,,"6,4,3,6,",,,,"6,4,3,6,",,,,,,,,,,,,,,,,,,,,,,,,,,,,,,,,,,,,,,,
"[2025-02-14 22:38:49.493] 2,6,5,5, ",22:39:58.734],"5,4,2,6,",,,,[2025-02-14,22:38:49.493],"2,6,5,5,",,,,,,,"5,4,2,6,",,,"4,6,6,3,",,,"2,5,2,3,",,,,"5,3,4,3,",,,,,,,,,,,,,,,,,,,,,,,,,,,,,,,,,,,,,,,
"[2025-02-14 22:38:49.493] 3,6,2,4, ",22:39:58.734],"1,5,2,3,",,,,[2025-02-14,22:38:49.493],"3,6,2,4,",,,,,,,"1,5,2,3,",,,----------------------,,,"4,6,6,2,",,,,"4,4,6,6,",,,,,,,,,,,,,,,,,,,,,,,,,,,,,,,,,,,,,,,
"[2025-02-14 22:38:49.502] 5,4,2,6, ",22:39:58.734],"4,6,6,3,",,,,[2025-02-14,22:38:49.502],"5,4,2,6,",,,,,,,"4,6,6,3,",,,TX1_N,,,TX1_P,,,,"1,6,1,2,",,,,,,,,,,,,,,,,,,,,,,,,,,,,,,,,,,,,,,,
"[2025-02-14 22:38:49.502] 1,5,1,3, ",22:39:58.734],----------------------,,,,[2025-02-14,22:38:49.502],"1,5,1,3,",,,,,,,----------------------,,,"4,1,3,4,",,,"1,4,4,3,",,,,"2,5,2,5,",,,,,,,,,,,,,,,,,,,,,,,,,,,,,,,,,,,,,,,
"[2025-02-14 22:38:49.502] 1,6,4,3, ",22:40:00.439],TY1_P,,,,[2025-02-14,22:38:49.502],"1,6,4,3,",,,,,,,TY1_P,,,"5,1,5,5,",,,"5,2,5,6,",,,,"1,5,1,4,",,,,,,,,,,,,,,,,,,,,,,,,,,,,,,,,,,,,,,,
[2025-02-14 22:38:49.502] ----------------------,22:40:00.440],"Surface,->,5,SwitchID,->,SW02",,,,[2025-02-14,22:38:49.502],----------------------,,,,,,,"Surface,->,5,SwitchID,->,SW02",,,"3,1,2,1,",,,"3,1,2,1,",,,,"3,2,3,6,",,,,,,,,,,,,,,,,,,,,,,,,,,,,,,,,,,,,,,,
[2025-02-14 22:38:55.915] TZ1_P,22:40:00.440],"1,4,2,3,",,,,[2025-02-14,22:38:55.915],TZ1_P,,,,,,,"1,4,2,3,",,,"6,4,3,6,",,,"5,4,2,6,",,,,"3,3,3,3,",,,,,,,,,,,,,,,,,,,,,,,,,,,,,,,,,,,,,,,
"[2025-02-14 22:38:55.915] Surface,->,2,SwitchID,->,SW04 ",22:40:00.440],"2,6,5,5,",,,,[2025-02-14,22:38:55.915],"Surface,->,2,SwitchID,->,SW04",,,,,,,"2,6,5,5,",,,"2,5,2,3,",,,"1,5,2,3,",,,,"6,4,6,4,",,,,,,,,,,,,,,,,,,,,,,,,,,,,,,,,,,,,,,,
"[2025-02-14 22:38:55.915] 1,4,2,6, ",22:40:00.440],"3,6,2,4,",,,,[2025-02-14,22:38:55.915],"1,4,2,6,",,,,,,,"3,6,2,4,",,,"4,6,6,2,",,,"4,6,6,3,",,,,"1,1,1,1,",,,,,,,,,,,,,,,,,,,,,,,,,,,,,,,,,,,,,,,
"[2025-02-14 22:38:55.915] 2,6,2,3, ",22:40:00.445],"5,4,2,6,",,,,[2025-02-14,22:38:55.915],"2,6,2,3,",,,,,,,"5,4,2,6,",,,----------------------,,,TX2_P,,,,"2,5,2,5,",,,,,,,,,,,,,,,,,,,,,,,,,,,,,,,,,,,,,,,
"[2025-02-14 22:38:55.915] 3,6,5,5, ",22:40:00.445],"1,5,1,3,",,,,[2025-02-14,22:38:55.915],"3,6,5,5,",,,,,,,"1,5,1,3,",,,TY2_P,,,"1,4,4,3,",,,,"5,5,4,4,",,,,,,,,,,,,,,,,,,,,,,,,,,,,,,,,,,,,,,,
"[2025-02-14 22:38:55.923] 5,4,2,4, ",22:40:00.445],"1,6,4,3,",,,,[2025-02-14,22:38:55.923],"5,4,2,4,",,,,,,,"1,6,4,3,",,,"4,5,3,3,",,,"6,2,4,6,",,,,"2,2,6,6,",,,,,,,,,,,,,,,,,,,,,,,,,,,,,,,,,,,,,,,
"[2025-02-14 22:38:55.923] 5,3,1,1, ",22:40:00.445],----------------------,,,,[2025-02-14,22:38:55.923],"5,3,1,1,",,,,,,,----------------------,,,"5,1,5,5,",,,"2,3,1,1,",,,,"3,3,3,3,",,,,,,,,,,,,,,,,,,,,,,,,,,,,,,,,,,,,,,,
"[2025-02-14 22:38:55.923] 1,6,4,3, ",22:40:09.107],TY1_N,,,,[2025-02-14,22:38:55.923],"1,6,4,3,",,,,,,,TY1_N,,,"2,1,6,1,",,,"5,3,2,2,",,,,"4,4,4,4,",,,,,,,,,,,,,,,,,,,,,,,,,,,,,,,,,,,,,,,
[2025-02-14 22:38:55.923] ----------------------,22:40:09.107],"Surface,->,5,SwitchID,->,SW05",,,,[2025-02-14,22:38:55.923],----------------------,,,,,,,"Surface,->,5,SwitchID,->,SW05",,,"3,6,6,4,",,,"1,5,5,5,",,,,"1,1,1,1,",,,,,,,,,,,,,,,,,,,,,,,,,,,,,,,,,,,,,,,
[2025-02-14 22:38:57.842] TX1_N,22:40:09.107],"1,4,4,3,",,,,[2025-02-14,22:38:57.842],TX1_N,,,,,,,"1,4,4,3,",,,"2,2,2,3,",,,"4,6,6,3,",,,,"2,2,2,2,",,,,,,,,,,,,,,,,,,,,,,,,,,,,,,,,,,,,,,,
"[2025-02-14 22:38:57.842] Surface,->,2,SwitchID,->,SW01 ",22:40:09.107],"5,2,5,6,",,,,[2025-02-14,22:38:57.842],"Surface,->,2,SwitchID,->,SW01",,,,,,,"5,2,5,6,",,,"4,1,6,4,",,,TZ2_P,,,,"5,5,5,5,",,,,,,,,,,,,,,,,,,,,,,,,,,,,,,,,,,,,,,,
"[2025-02-14 22:38:57.842] 2,1,6,4, ",22:40:09.107],"3,1,2,1,",,,,[2025-02-14,22:38:57.842],"2,1,6,4,",,,,,,,"3,1,2,1,",,,----------------------,,,"5,3,4,3,",,,,"6,6,6,6,",,,,,,,,,,,,,,,,,,,,,,,,,,,,,,,,,,,,,,,
"[2025-02-14 22:38:57.842] 2,5,2,3, ",22:40:09.112],"5,4,2,6,",,,,[2025-02-14,22:38:57.842],"2,5,2,3,",,,,,,,"5,4,2,6,",,,TY2_N,,,"1,4,4,6,",,,,,,,,,,,,,,,,,,,,,,,,,,,,,,,,,,,,,,,,,,,
"[2025-02-14 22:38:57.842] 3,6,5,5, ",22:40:09.112],"1,5,2,3,",,,,[2025-02-14,22:38:57.842],"3,6,5,5,",,,,,,,"1,5,2,3,",,,"4,1,3,4,",,,"6,2,1,1,",,,,,,,,,,,,,,,,,,,,,,,,,,,,,,,,,,,,,,,,,,,
"[2025-02-14 22:38:57.849] 4,4,3,4, ",22:40:09.112],"4,6,6,3,",,,,[2025-02-14,22:38:57.849],"4,4,3,4,",,,,,,,"4,6,6,3,",,,"5,1,5,5,",,,"2,3,2,2,",,,,,,,,,,,,,,,,,,,,,,,,,,,,,,,,,,,,,,,,,,,
"[2025-02-14 22:38:57.849] 2,5,1,1, ",22:40:09.112],----------------------,,,,[2025-02-14,22:38:57.849],"2,5,1,1,",,,,,,,----------------------,,,"3,1,2,1,",,,"1,5,5,5,",,,,,,,,,,,,,,,,,,,,,,,,,,,,,,,,,,,,,,,,,,,
"[2025-02-14 22:38:57.849] 1,6,3,6, ",22:40:15.742],TX1_N,,,,[2025-02-14,22:38:57.849],"1,6,3,6,",,,,,,,TX1_N,,,"6,4,3,6,",,,"6,4,3,6,",,,,,,,,,,,,,,,,,,,,,,,,,,,,,,,,,,,,,,,,,,,
[2025-02-14 22:38:57.849] ----------------------,22:40:15.742],"Surface,->,5,SwitchID,->,SW03",,,,[2025-02-14,22:38:57.849],----------------------,,,,,,,"Surface,->,5,SwitchID,->,SW03",,,"2,5,2,3,",,,TX2_P,,,,,,,,,,,,,,,,,,,,,,,,,,,,,,,,,,,,,,,,,,,
[2025-02-14 22:39:10.576] TX1_P,22:40:15.742],"4,1,3,4,",,,,[2025-02-14,22:39:10.576],TX1_P,,,,,,,"4,1,3,4,",,,"4,6,6,2,",,,"5,3,4,3,",,,,,,,,,,,,,,,,,,,,,,,,,,,,,,,,,,,,,,,,,,,
"[2025-02-14 22:39:10.576] Surface,->,2,SwitchID,->,SW06 ",22:40:15.742],"5,1,5,5,",,,,[2025-02-14,22:39:10.576],"Surface,->,2,SwitchID,->,SW06",,,,,,,"5,1,5,5,",,,----------------------,,,"4,4,6,6,",,,,,,,,,,,,,,,,,,,,,,,,,,,,,,,,,,,,,,,,,,,
"[2025-02-14 22:39:10.576] 1,4,2,6, ",22:40:15.742],"3,1,2,1,",,,,[2025-02-14,22:39:10.576],"1,4,2,6,",,,,,,,"3,1,2,1,",,,TX1_P,,,"1,6,1,2,",,,,,,,,,,,,,,,,,,,,,,,,,,,,,,,,,,,,,,,,,,,
"[2025-02-14 22:39:10.576] 2,6,2,3, ",22:40:15.747],"6,4,3,6,",,,,[2025-02-14,22:39:10.576],"2,6,2,3,",,,,,,,"6,4,3,6,",,,"1,4,4,3,",,,"2,5,2,5,",,,,,,,,,,,,,,,,,,,,,,,,,,,,,,,,,,,,,,,,,,,
"[2025-02-14 22:39:10.576] 3,6,5,5, ",22:40:15.747],"2,5,2,3,",,,,[2025-02-14,22:39:10.576],"3,6,5,5,",,,,,,,"2,5,2,3,",,,"5,2,5,6,",,,"1,5,1,4,",,,,,,,,,,,,,,,,,,,,,,,,,,,,,,,,,,,,,,,,,,,
"[2025-02-14 22:39:10.638] 5,4,2,4, ",22:40:15.747],"4,6,6,2,",,,,[2025-02-14,22:39:10.638],"5,4,2,4,",,,,,,,"4,6,6,2,",,,"3,1,2,1,",,,"3,2,3,6,",,,,,,,,,,,,,,,,,,,,,,,,,,,,,,,,,,,,,,,,,,,
"[2025-02-14 22:39:10.638] 5,3,1,1, ",22:40:15.747],----------------------,,,,[2025-02-14,22:39:10.638],"5,3,1,1,",,,,,,,----------------------,,,"5,4,2,6,",,,TY1_N,,,,,,,,,,,,,,,,,,,,,,,,,,,,,,,,,,,,,,,,,,,
"[2025-02-14 22:39:10.638] 1,6,4,3, ",22:40:31.473],TY2_P,,,,[2025-02-14,22:39:10.638],"1,6,4,3,",,,,,,,TY2_P,,,"1,5,2,3,",,,"3,3,3,3,",,,,,,,,,,,,,,,,,,,,,,,,,,,,,,,,,,,,,,,,,,,
[2025-02-14 22:39:10.638] ----------------------,22:40:31.473],"Surface,->,1,SwitchID,->,SW01",,,,[2025-02-14,22:39:10.638],----------------------,,,,,,,"Surface,->,1,SwitchID,->,SW01",,,"4,6,6,3,",,,"6,4,6,4,",,,,,,,,,,,,,,,,,,,,,,,,,,,,,,,,,,,,,,,,,,,
[2025-02-14 22:39:11.112] TZ1_N,22:40:31.473],"4,5,3,3,",,,,[2025-02-14,22:39:11.112],TZ1_N,,,,,,,"4,5,3,3,",,,----------------------,,,"1,1,1,1,",,,,,,,,,,,,,,,,,,,,,,,,,,,,,,,,,,,,,,,,,,,
"[2025-02-14 22:39:11.112] Surface,->,2,SwitchID,->,SW07 ",22:40:31.473],"5,1,5,5,",,,,[2025-02-14,22:39:11.112],"Surface,->,2,SwitchID,->,SW07",,,,,,,"5,1,5,5,",,,TX2_P,,,"2,5,2,5,",,,,,,,,,,,,,,,,,,,,,,,,,,,,,,,,,,,,,,,,,,,
"[2025-02-14 22:39:11.112] 1,4,2,3, ",22:40:31.473],"2,1,6,1,",,,,[2025-02-14,22:39:11.112],"1,4,2,3,",,,,,,,"2,1,6,1,",,,"1,4,4,3,",,,"5,5,4,4,",,,,,,,,,,,,,,,,,,,,,,,,,,,,,,,,,,,,,,,,,,,
"[2025-02-14 22:39:11.112] 2,6,5,5, ",22:40:31.478],"3,6,6,4,",,,,[2025-02-14,22:39:11.112],"2,6,5,5,",,,,,,,"3,6,6,4,",,,"6,2,4,6,",,,"2,2,6,6,",,,,,,,,,,,,,,,,,,,,,,,,,,,,,,,,,,,,,,,,,,,
"[2025-02-14 22:39:11.112] 3,6,2,4, ",22:40:31.478],"2,2,2,3,",,,,[2025-02-14,22:39:11.112],"3,6,2,4,",,,,,,,"2,2,2,3,",,,"2,3,1,1,",,,TX2_N,,,,,,,,,,,,,,,,,,,,,,,,,,,,,,,,,,,,,,,,,,,
"[2025-02-14 22:39:11.123] 5,4,2,6, ",22:40:31.478],"4,1,6,4,",,,,[2025-02-14,22:39:11.123],"5,4,2,6,",,,,,,,"4,1,6,4,",,,"5,3,2,2,",,,"3,3,3,3,",,,,,,,,,,,,,,,,,,,,,,,,,,,,,,,,,,,,,,,,,,,
"[2025-02-14 22:39:11.123] 1,5,1,3, ",22:40:31.478],----------------------,,,,[2025-02-14,22:39:11.123],"1,5,1,3,",,,,,,,----------------------,,,"1,5,5,5,",,,"4,4,4,4,",,,,,,,,,,,,,,,,,,,,,,,,,,,,,,,,,,,,,,,,,,,
"[2025-02-14 22:39:11.123] 1,6,4,3, ",22:40:34.888],TY2_N,,,,[2025-02-14,22:39:11.123],"1,6,4,3,",,,,,,,TY2_N,,,"4,6,6,3,",,,"1,1,1,1,",,,,,,,,,,,,,,,,,,,,,,,,,,,,,,,,,,,,,,,,,,,
[2025-02-14 22:39:11.123] ----------------------,22:40:34.888],"Surface,->,5,SwitchID,->,SW06",,,,[2025-02-14,22:39:11.123],----------------------,,,,,,,"Surface,->,5,SwitchID,->,SW06",,,----------------------,,,"2,2,2,2,",,,,,,,,,,,,,,,,,,,,,,,,,,,,,,,,,,,,,,,,,,,
[2025-02-14 22:39:58.726] TY1_N,22:40:34.888],"4,1,3,4,",,,,[2025-02-14,22:39:58.726],TY1_N,,,,,,,"4,1,3,4,",,,TZ2_P,,,"5,5,5,5,",,,,,,,,,,,,,,,,,,,,,,,,,,,,,,,,,,,,,,,,,,,
"[2025-02-14 22:39:58.726] Surface,->,5,SwitchID,->,SW05 ",22:40:34.888],"5,1,5,5,",,,,[2025-02-14,22:39:58.726],"Surface,->,5,SwitchID,->,SW05",,,,,,,"5,1,5,5,",,,"5,3,4,3,",,,"6,6,6,6,",,,,,,,,,,,,,,,,,,,,,,,,,,,,,,,,,,,,,,,,,,,
"[2025-02-14 22:39:58.726] 1,4,4,3, ",22:40:34.888],"3,1,2,1,",,,,[2025-02-14,22:39:58.726],"1,4,4,3,",,,,,,,"3,1,2,1,",,,"1,4,4,6,",,,,,,,,,,,,,,,,,,,,,,,,,,,,,,,,,,,,,,,,,,,,,,
"[2025-02-14 22:39:58.726] 5,2,5,6, ",22:40:34.888],"6,4,3,6,",,,,[2025-02-14,22:39:58.726],"5,2,5,6,",,,,,,,"6,4,3,6,",,,"6,2,1,1,",,,,,,,,,,,,,,,,,,,,,,,,,,,,,,,,,,,,,,,,,,,,,,
"[2025-02-14 22:39:58.726] 3,1,2,1, ",22:40:34.888],"2,5,2,3,",,,,[2025-02-14,22:39:58.726],"3,1,2,1,",,,,,,,"2,5,2,3,",,,"2,3,2,2,",,,,,,,,,,,,,,,,,,,,,,,,,,,,,,,,,,,,,,,,,,,,,,
"[2025-02-14 22:39:58.734] 5,4,2,6, ",22:40:34.888],"4,6,6,2,",,,,[2025-02-14,22:39:58.734],"5,4,2,6,",,,,,,,"4,6,6,2,",,,"1,5,5,5,",,,,,,,,,,,,,,,,,,,,,,,,,,,,,,,,,,,,,,,,,,,,,,
"[2025-02-14 22:39:58.734] 1,5,2,3, ",22:40:34.888],----------------------,,,,[2025-02-14,22:39:58.734],"1,5,2,3,",,,,,,,----------------------,,,"6,4,3,6,",,,,,,,,,,,,,,,,,,,,,,,,,,,,,,,,,,,,,,,,,,,,,,
"[2025-02-14 22:39:58.734] 4,6,6,3, ",22:40:36.183],TX1_P,,,,[2025-02-14,22:39:58.734],"4,6,6,3,",,,,,,,TX1_P,,,----------------------,,,,,,,,,,,,,,,,,,,,,,,,,,,,,,,,,,,,,,,,,,,,,,
[2025-02-14 22:39:58.734] ----------------------,22:40:36.183],"Surface,->,5,SwitchID,->,SW08",,,,[2025-02-14,22:39:58.734],----------------------,,,,,,,"Surface,->,5,SwitchID,->,SW08",,,TX2_P,,,,,,,,,,,,,,,,,,,,,,,,,,,,,,,,,,,,,,,,,,,,,,
[2025-02-14 22:40:00.439] TY1_P,22:40:36.183],"1,4,4,3,",,,,[2025-02-14,22:40:00.439],TY1_P,,,,,,,"1,4,4,3,",,,"5,3,4,3,",,,,,,,,,,,,,,,,,,,,,,,,,,,,,,,,,,,,,,,,,,,,,,
"[2025-02-14 22:40:00.440] Surface,->,5,SwitchID,->,SW02 ",22:40:36.183],"5,2,5,6,",,,,[2025-02-14,22:40:00.440],"Surface,->,5,SwitchID,->,SW02",,,,,,,"5,2,5,6,",,,"4,4,6,6,",,,,,,,,,,,,,,,,,,,,,,,,,,,,,,,,,,,,,,,,,,,,,,
"[2025-02-14 22:40:00.440] 1,4,2,3, ",22:40:36.183],"3,1,2,1,",,,,[2025-02-14,22:40:00.440],"1,4,2,3,",,,,,,,"3,1,2,1,",,,"1,6,1,2,",,,,,,,,,,,,,,,,,,,,,,,,,,,,,,,,,,,,,,,,,,,,,,
"[2025-02-14 22:40:00.440] 2,6,5,5, ",22:40:36.189],"5,4,2,6,",,,,[2025-02-14,22:40:00.440],"2,6,5,5,",,,,,,,"5,4,2,6,",,,"2,5,2,5,",,,,,,,,,,,,,,,,,,,,,,,,,,,,,,,,,,,,,,,,,,,,,,
"[2025-02-14 22:40:00.440] 3,6,2,4, ",22:40:36.189],"1,5,2,3,",,,,[2025-02-14,22:40:00.440],"3,6,2,4,",,,,,,,"1,5,2,3,",,,"1,5,1,4,",,,,,,,,,,,,,,,,,,,,,,,,,,,,,,,,,,,,,,,,,,,,,,
"[2025-02-14 22:40:00.445] 5,4,2,6, ",22:40:36.189],"4,6,6,3,",,,,[2025-02-14,22:40:00.445],"5,4,2,6,",,,,,,,"4,6,6,3,",,,"3,2,3,6,",,,,,,,,,,,,,,,,,,,,,,,,,,,,,,,,,,,,,,,,,,,,,,
"[2025-02-14 22:40:00.445] 1,5,1,3, ",22:40:36.189],----------------------,,,,[2025-02-14,22:40:00.445],"1,5,1,3,",,,,,,,----------------------,,,----------------------,,,,,,,,,,,,,,,,,,,,,,,,,,,,,,,,,,,,,,,,,,,,,,
"[2025-02-14 22:40:00.445] 1,6,4,3, ",22:40:48.917],TX2_P,,,,[2025-02-14,22:40:00.445],"1,6,4,3,",,,,,,,TX2_P,,,TY1_N,,,,,,,,,,,,,,,,,,,,,,,,,,,,,,,,,,,,,,,,,,,,,,
[2025-02-14 22:40:00.445] ----------------------,22:40:48.917],"Surface,->,5,SwitchID,->,SW07",,,,[2025-02-14,22:40:00.445],----------------------,,,,,,,"Surface,->,5,SwitchID,->,SW07",,,"3,3,3,3,",,,,,,,,,,,,,,,,,,,,,,,,,,,,,,,,,,,,,,,,,,,,,,
[2025-02-14 22:40:09.107] TY1_N,22:40:48.917],"1,4,4,3,",,,,[2025-02-14,22:40:09.107],TY1_N,,,,,,,"1,4,4,3,",,,"6,4,6,4,",,,,,,,,,,,,,,,,,,,,,,,,,,,,,,,,,,,,,,,,,,,,,,
"[2025-02-14 22:40:09.107] Surface,->,5,SwitchID,->,SW05 ",22:40:48.917],"6,2,4,6,",,,,[2025-02-14,22:40:09.107],"Surface,->,5,SwitchID,->,SW05",,,,,,,"6,2,4,6,",,,"1,1,1,1,",,,,,,,,,,,,,,,,,,,,,,,,,,,,,,,,,,,,,,,,,,,,,,
"[2025-02-14 22:40:09.107] 1,4,4,3, ",22:40:48.917],"2,3,1,1,",,,,[2025-02-14,22:40:09.107],"1,4,4,3,",,,,,,,"2,3,1,1,",,,"2,5,2,5,",,,,,,,,,,,,,,,,,,,,,,,,,,,,,,,,,,,,,,,,,,,,,,
"[2025-02-14 22:40:09.107] 5,2,5,6, ",22:40:48.924],"5,3,2,2,",,,,[2025-02-14,22:40:09.107],"5,2,5,6,",,,,,,,"5,3,2,2,",,,"5,5,4,4,",,,,,,,,,,,,,,,,,,,,,,,,,,,,,,,,,,,,,,,,,,,,,,
"[2025-02-14 22:40:09.107] 3,1,2,1, ",22:40:48.924],"1,5,5,5,",,,,[2025-02-14,22:40:09.107],"3,1,2,1,",,,,,,,"1,5,5,5,",,,"2,2,6,6,",,,,,,,,,,,,,,,,,,,,,,,,,,,,,,,,,,,,,,,,,,,,,,
"[2025-02-14 22:40:09.112] 5,4,2,6, ",22:40:48.924],"4,6,6,3,",,,,[2025-02-14,22:40:09.112],"5,4,2,6,",,,,,,,"4,6,6,3,",,,----------------------,,,,,,,,,,,,,,,,,,,,,,,,,,,,,,,,,,,,,,,,,,,,,,
"[2025-02-14 22:40:09.112] 1,5,2,3, ",22:40:48.924],----------------------,,,,[2025-02-14,22:40:09.112],"1,5,2,3,",,,,,,,----------------------,,,TX2_N,,,,,,,,,,,,,,,,,,,,,,,,,,,,,,,,,,,,,,,,,,,,,,
"[2025-02-14 22:40:09.112] 4,6,6,3, ",22:40:54.267],TZ2_P,,,,[2025-02-14,22:40:09.112],"4,6,6,3,",,,,,,,TZ2_P,,,"3,3,3,3,",,,,,,,,,,,,,,,,,,,,,,,,,,,,,,,,,,,,,,,,,,,,,,
[2025-02-14 22:40:09.112] ----------------------,22:40:54.268],"Surface,->,1,SwitchID,->,SW03",,,,[2025-02-14,22:40:09.112],----------------------,,,,,,,"Surface,->,1,SwitchID,->,SW03",,,"4,4,4,4,",,,,,,,,,,,,,,,,,,,,,,,,,,,,,,,,,,,,,,,,,,,,,,
[2025-02-14 22:40:15.742] TX1_N,22:40:54.268],"5,3,4,3,",,,,[2025-02-14,22:40:15.742],TX1_N,,,,,,,"5,3,4,3,",,,"1,1,1,1,",,,,,,,,,,,,,,,,,,,,,,,,,,,,,,,,,,,,,,,,,,,,,,
"[2025-02-14 22:40:15.742] Surface,->,5,SwitchID,->,SW03 ",22:40:54.268],"1,4,4,6,",,,,[2025-02-14,22:40:15.742],"Surface,->,5,SwitchID,->,SW03",,,,,,,"1,4,4,6,",,,"2,2,2,2,",,,,,,,,,,,,,,,,,,,,,,,,,,,,,,,,,,,,,,,,,,,,,,
"[2025-02-14 22:40:15.742] 4,1,3,4, ",22:40:54.268],"6,2,1,1,",,,,[2025-02-14,22:40:15.742],"4,1,3,4,",,,,,,,"6,2,1,1,",,,"5,5,5,5,",,,,,,,,,,,,,,,,,,,,,,,,,,,,,,,,,,,,,,,,,,,,,,
"[2025-02-14 22:40:15.742] 5,1,5,5, ",22:40:54.273],"2,3,2,2,",,,,[2025-02-14,22:40:15.742],"5,1,5,5,",,,,,,,"2,3,2,2,",,,"6,6,6,6,",,,,,,,,,,,,,,,,,,,,,,,,,,,,,,,,,,,,,,,,,,,,,,
"[2025-02-14 22:40:15.742] 3,1,2,1, ",22:40:54.273],"1,5,5,5,",,,,[2025-02-14,22:40:15.742],"3,1,2,1,",,,,,,,"1,5,5,5,",,,----------------------,,,,,,,,,,,,,,,,,,,,,,,,,,,,,,,,,,,,,,,,,,,,,,
"[2025-02-14 22:40:15.747] 6,4,3,6, ",22:40:54.273],"6,4,3,6,",,,,[2025-02-14,22:40:15.747],"6,4,3,6,",,,,,,,"6,4,3,6,",,,,,,,,,,,,,,,,,,,,,,,,,,,,,,,,,,,,,,,,,,,,,,,,,
"[2025-02-14 22:40:15.747] 2,5,2,3, ",22:40:54.273],----------------------,,,,[2025-02-14,22:40:15.747],"2,5,2,3,",,,,,,,----------------------,,,,,,,,,,,,,,,,,,,,,,,,,,,,,,,,,,,,,,,,,,,,,,,,,
"[2025-02-14 22:40:15.747] 4,6,6,2, ",22:41:03.043],TX2_P,,,,[2025-02-14,22:40:15.747],"4,6,6,2,",,,,,,,TX2_P,,,,,,,,,,,,,,,,,,,,,,,,,,,,,,,,,,,,,,,,,,,,,,,,,
[2025-02-14 22:40:15.747] ----------------------,22:41:03.043],"Surface,->,5,SwitchID,->,SW07",,,,[2025-02-14,22:40:15.747],----------------------,,,,,,,"Surface,->,5,SwitchID,->,SW07",,,,,,,,,,,,,,,,,,,,,,,,,,,,,,,,,,,,,,,,,,,,,,,,,
[2025-02-14 22:40:31.473] TY2_P,22:41:03.043],"5,3,4,3,",,,,[2025-02-14,22:40:31.473],TY2_P,,,,,,,"5,3,4,3,",,,,,,,,,,,,,,,,,,,,,,,,,,,,,,,,,,,,,,,,,,,,,,,,,
"[2025-02-14 22:40:31.473] Surface,->,1,SwitchID,->,SW01 ",22:41:03.043],"4,4,6,6,",,,,[2025-02-14,22:40:31.473],"Surface,->,1,SwitchID,->,SW01",,,,,,,"4,4,6,6,",,,,,,,,,,,,,,,,,,,,,,,,,,,,,,,,,,,,,,,,,,,,,,,,,
"[2025-02-14 22:40:31.473] 4,5,3,3, ",22:41:03.043],"1,6,1,2,",,,,[2025-02-14,22:40:31.473],"4,5,3,3,",,,,,,,"1,6,1,2,",,,,,,,,,,,,,,,,,,,,,,,,,,,,,,,,,,,,,,,,,,,,,,,,,
"[2025-02-14 22:40:31.473] 5,1,5,5, ",22:41:03.048],"2,5,2,5,",,,,[2025-02-14,22:40:31.473],"5,1,5,5,",,,,,,,"2,5,2,5,",,,,,,,,,,,,,,,,,,,,,,,,,,,,,,,,,,,,,,,,,,,,,,,,,
"[2025-02-14 22:40:31.473] 2,1,6,1, ",22:41:03.048],"1,5,1,4,",,,,[2025-02-14,22:40:31.473],"2,1,6,1,",,,,,,,"1,5,1,4,",,,,,,,,,,,,,,,,,,,,,,,,,,,,,,,,,,,,,,,,,,,,,,,,,
"[2025-02-14 22:40:31.478] 3,6,6,4, ",22:41:03.048],"3,2,3,6,",,,,[2025-02-14,22:40:31.478],"3,6,6,4,",,,,,,,"3,2,3,6,",,,,,,,,,,,,,,,,,,,,,,,,,,,,,,,,,,,,,,,,,,,,,,,,,
"[2025-02-14 22:40:31.478] 2,2,2,3, ",22:41:03.048],----------------------,,,,[2025-02-14,22:40:31.478],"2,2,2,3,",,,,,,,----------------------,,,,,,,,,,,,,,,,,,,,,,,,,,,,,,,,,,,,,,,,,,,,,,,,,
"[2025-02-14 22:40:31.478] 4,1,6,4, ",22:41:04.756],TY1_N,,,,[2025-02-14,22:40:31.478],"4,1,6,4,",,,,,,,TY1_N,,,,,,,,,,,,,,,,,,,,,,,,,,,,,,,,,,,,,,,,,,,,,,,,,
[2025-02-14 22:40:31.478] ----------------------,22:41:04.756],"Surface,->,5,SwitchID,->,SW05",,,,[2025-02-14,22:40:31.478],----------------------,,,,,,,"Surface,->,5,SwitchID,->,SW05",,,,,,,,,,,,,,,,,,,,,,,,,,,,,,,,,,,,,,,,,,,,,,,,,
[2025-02-14 22:40:34.888] TY2_N,22:41:04.756],"3,3,3,3,",,,,[2025-02-14,22:40:34.888],TY2_N,,,,,,,"3,3,3,3,",,,,,,,,,,,,,,,,,,,,,,,,,,,,,,,,,,,,,,,,,,,,,,,,,
"[2025-02-14 22:40:34.888] Surface,->,5,SwitchID,->,SW06 ",22:41:04.756],"6,4,6,4,",,,,[2025-02-14,22:40:34.888],"Surface,->,5,SwitchID,->,SW06",,,,,,,"6,4,6,4,",,,,,,,,,,,,,,,,,,,,,,,,,,,,,,,,,,,,,,,,,,,,,,,,,
"[2025-02-14 22:40:34.888] 4,1,3,4, ",22:41:04.756],"1,1,1,1,",,,,[2025-02-14,22:40:34.888],"4,1,3,4,",,,,,,,"1,1,1,1,",,,,,,,,,,,,,,,,,,,,,,,,,,,,,,,,,,,,,,,,,,,,,,,,,
"[2025-02-14 22:40:34.888] 5,1,5,5, ",22:41:04.762],"2,5,2,5,",,,,[2025-02-14,22:40:34.888],"5,1,5,5,",,,,,,,"2,5,2,5,",,,,,,,,,,,,,,,,,,,,,,,,,,,,,,,,,,,,,,,,,,,,,,,,,
"[2025-02-14 22:40:34.888] 3,1,2,1, ",22:41:04.762],"5,5,4,4,",,,,[2025-02-14,22:40:34.888],"3,1,2,1,",,,,,,,"5,5,4,4,",,,,,,,,,,,,,,,,,,,,,,,,,,,,,,,,,,,,,,,,,,,,,,,,,
"[2025-02-14 22:40:34.888] 6,4,3,6, ",22:41:04.762],"2,2,6,6,",,,,[2025-02-14,22:40:34.888],"6,4,3,6,",,,,,,,"2,2,6,6,",,,,,,,,,,,,,,,,,,,,,,,,,,,,,,,,,,,,,,,,,,,,,,,,,
"[2025-02-14 22:40:34.888] 2,5,2,3, ",22:41:04.762],----------------------,,,,[2025-02-14,22:40:34.888],"2,5,2,3,",,,,,,,----------------------,,,,,,,,,,,,,,,,,,,,,,,,,,,,,,,,,,,,,,,,,,,,,,,,,
"[2025-02-14 22:40:34.888] 4,6,6,2, ",22:41:05.399],TX2_N,,,,[2025-02-14,22:40:34.888],"4,6,6,2,",,,,,,,TX2_N,,,,,,,,,,,,,,,,,,,,,,,,,,,,,,,,,,,,,,,,,,,,,,,,,
[2025-02-14 22:40:34.888] ----------------------,22:41:05.400],"Surface,->,5,SwitchID,->,SW04",,,,[2025-02-14,22:40:34.888],----------------------,,,,,,,"Surface,->,5,SwitchID,->,SW04",,,,,,,,,,,,,,,,,,,,,,,,,,,,,,,,,,,,,,,,,,,,,,,,,
[2025-02-14 22:40:36.183] TX1_P,22:41:05.400],"3,3,3,3,",,,,[2025-02-14,22:40:36.183],TX1_P,,,,,,,"3,3,3,3,",,,,,,,,,,,,,,,,,,,,,,,,,,,,,,,,,,,,,,,,,,,,,,,,,
"[2025-02-14 22:40:36.183] Surface,->,5,SwitchID,->,SW08 ",22:41:05.400],"4,4,4,4,",,,,[2025-02-14,22:40:36.183],"Surface,->,5,SwitchID,->,SW08",,,,,,,"4,4,4,4,",,,,,,,,,,,,,,,,,,,,,,,,,,,,,,,,,,,,,,,,,,,,,,,,,
"[2025-02-14 22:40:36.183] 1,4,4,3, ",22:41:05.400],"1,1,1,1,",,,,[2025-02-14,22:40:36.183],"1,4,4,3,",,,,,,,"1,1,1,1,",,,,,,,,,,,,,,,,,,,,,,,,,,,,,,,,,,,,,,,,,,,,,,,,,
"[2025-02-14 22:40:36.183] 5,2,5,6, ",22:41:05.405],"2,2,2,2,",,,,[2025-02-14,22:40:36.183],"5,2,5,6,",,,,,,,"2,2,2,2,",,,,,,,,,,,,,,,,,,,,,,,,,,,,,,,,,,,,,,,,,,,,,,,,,
"[2025-02-14 22:40:36.183] 3,1,2,1, ",22:41:05.406],"5,5,5,5,",,,,[2025-02-14,22:40:36.183],"3,1,2,1,",,,,,,,"5,5,5,5,",,,,,,,,,,,,,,,,,,,,,,,,,,,,,,,,,,,,,,,,,,,,,,,,,
"[2025-02-14 22:40:36.189] 5,4,2,6, ",22:41:05.406],"6,6,6,6,",,,,[2025-02-14,22:40:36.189],"5,4,2,6,",,,,,,,"6,6,6,6,",,,,,,,,,,,,,,,,,,,,,,,,,,,,,,,,,,,,,,,,,,,,,,,,,
"[2025-02-14 22:40:36.189] 1,5,2,3, ",22:41:05.406],----------------------,,,,[2025-02-14,22:40:36.189],"1,5,2,3,",,,,,,,----------------------,,,,,,,,,,,,,,,,,,,,,,,,,,,,,,,,,,,,,,,,,,,,,,,,,
"[2025-02-14 22:40:36.189] 4,6,6,3, ",,,,,,[2025-02-14,22:40:36.189],"4,6,6,3,",,,,,,,,,,,,,,,,,,,,,,,,,,,,,,,,,,,,,,,,,,,,,,,,,,,,,,,,
[2025-02-14 22:40:36.189] ----------------------,,,,,,[2025-02-14,22:40:36.189],----------------------,,,,,,,,,,,,,,,,,,,,,,,,,,,,,,,,,,,,,,,,,,,,,,,,,,,,,,,,
[2025-02-14 22:40:48.917] TX2_P,,,,,,[2025-02-14,22:40:48.917],TX2_P,,,,,,,,,,,,,,,,,,,,,,,,,,,,,,,,,,,,,,,,,,,,,,,,,,,,,,,,
"[2025-02-14 22:40:48.917] Surface,->,5,SwitchID,->,SW07 ",,,,,,[2025-02-14,22:40:48.917],"Surface,->,5,SwitchID,->,SW07",,,,,,,,,,,,,,,,,,,,,,,,,,,,,,,,,,,,,,,,,,,,,,,,,,,,,,,,
"[2025-02-14 22:40:48.917] 1,4,4,3, ",,,,,,[2025-02-14,22:40:48.917],"1,4,4,3,",,,,,,,,,,,,,,,,,,,,,,,,,,,,,,,,,,,,,,,,,,,,,,,,,,,,,,,,
"[2025-02-14 22:40:48.917] 6,2,4,6, ",,,,,,[2025-02-14,22:40:48.917],"6,2,4,6,",,,,,,,,,,,,,,,,,,,,,,,,,,,,,,,,,,,,,,,,,,,,,,,,,,,,,,,,
"[2025-02-14 22:40:48.917] 2,3,1,1, ",,,,,,[2025-02-14,22:40:48.917],"2,3,1,1,",,,,,,,,,,,,,,,,,,,,,,,,,,,,,,,,,,,,,,,,,,,,,,,,,,,,,,,,
"[2025-02-14 22:40:48.924] 5,3,2,2, ",,,,,,[2025-02-14,22:40:48.924],"5,3,2,2,",,,,,,,,,,,,,,,,,,,,,,,,,,,,,,,,,,,,,,,,,,,,,,,,,,,,,,,,
"[2025-02-14 22:40:48.924] 1,5,5,5, ",,,,,,[2025-02-14,22:40:48.924],"1,5,5,5,",,,,,,,,,,,,,,,,,,,,,,,,,,,,,,,,,,,,,,,,,,,,,,,,,,,,,,,,
"[2025-02-14 22:40:48.924] 4,6,6,3, ",,,,,,[2025-02-14,22:40:48.924],"4,6,6,3,",,,,,,,,,,,,,,,,,,,,,,,,,,,,,,,,,,,,,,,,,,,,,,,,,,,,,,,,
[2025-02-14 22:40:48.924] ----------------------,,,,,,[2025-02-14,22:40:48.924],----------------------,,,,,,,,,,,,,,,,,,,,,,,,,,,,,,,,,,,,,,,,,,,,,,,,,,,,,,,,
[2025-02-14 22:40:54.267] TZ2_P,,,,,,[2025-02-14,22:40:54.267],TZ2_P,,,,,,,,,,,,,,,,,,,,,,,,,,,,,,,,,,,,,,,,,,,,,,,,,,,,,,,,
"[2025-02-14 22:40:54.268] Surface,->,1,SwitchID,->,SW03 ",,,,,,[2025-02-14,22:40:54.268],"Surface,->,1,SwitchID,->,SW03",,,,,,,,,,,,,,,,,,,,,,,,,,,,,,,,,,,,,,,,,,,,,,,,,,,,,,,,
"[2025-02-14 22:40:54.268] 5,3,4,3, ",,,,,,[2025-02-14,22:40:54.268],"5,3,4,3,",,,,,,,,,,,,,,,,,,,,,,,,,,,,,,,,,,,,,,,,,,,,,,,,,,,,,,,,
"[2025-02-14 22:40:54.268] 1,4,4,6, ",,,,,,[2025-02-14,22:40:54.268],"1,4,4,6,",,,,,,,,,,,,,,,,,,,,,,,,,,,,,,,,,,,,,,,,,,,,,,,,,,,,,,,,
"[2025-02-14 22:40:54.268] 6,2,1,1, ",,,,,,[2025-02-14,22:40:54.268],"6,2,1,1,",,,,,,,,,,,,,,,,,,,,,,,,,,,,,,,,,,,,,,,,,,,,,,,,,,,,,,,,
"[2025-02-14 22:40:54.273] 2,3,2,2, ",,,,,,[2025-02-14,22:40:54.273],"2,3,2,2,",,,,,,,,,,,,,,,,,,,,,,,,,,,,,,,,,,,,,,,,,,,,,,,,,,,,,,,,
"[2025-02-14 22:40:54.273] 1,5,5,5, ",,,,,,[2025-02-14,22:40:54.273],"1,5,5,5,",,,,,,,,,,,,,,,,,,,,,,,,,,,,,,,,,,,,,,,,,,,,,,,,,,,,,,,,
"[2025-02-14 22:40:54.273] 6,4,3,6, ",,,,,,[2025-02-14,22:40:54.273],"6,4,3,6,",,,,,,,,,,,,,,,,,,,,,,,,,,,,,,,,,,,,,,,,,,,,,,,,,,,,,,,,
[2025-02-14 22:40:54.273] ----------------------,,,,,,[2025-02-14,22:40:54.273],----------------------,,,,,,,,,,,,,,,,,,,,,,,,,,,,,,,,,,,,,,,,,,,,,,,,,,,,,,,,
[2025-02-14 22:41:03.043] TX2_P,,,,,,[2025-02-14,22:41:03.043],TX2_P,,,,,,,,,,,,,,,,,,,,,,,,,,,,,,,,,,,,,,,,,,,,,,,,,,,,,,,,
"[2025-02-14 22:41:03.043] Surface,->,5,SwitchID,->,SW07 ",,,,,,[2025-02-14,22:41:03.043],"Surface,->,5,SwitchID,->,SW07",,,,,,,,,,,,,,,,,,,,,,,,,,,,,,,,,,,,,,,,,,,,,,,,,,,,,,,,
"[2025-02-14 22:41:03.043] 5,3,4,3, ",,,,,,[2025-02-14,22:41:03.043],"5,3,4,3,",,,,,,,,,,,,,,,,,,,,,,,,,,,,,,,,,,,,,,,,,,,,,,,,,,,,,,,,
"[2025-02-14 22:41:03.043] 4,4,6,6, ",,,,,,[2025-02-14,22:41:03.043],"4,4,6,6,",,,,,,,,,,,,,,,,,,,,,,,,,,,,,,,,,,,,,,,,,,,,,,,,,,,,,,,,
"[2025-02-14 22:41:03.043] 1,6,1,2, ",,,,,,[2025-02-14,22:41:03.043],"1,6,1,2,",,,,,,,,,,,,,TY2_N,2,2,,,,,,,,,,,,,,,,,,,,,,,,,,,,,,,,,,,,,,,,,
"[2025-02-14 22:41:03.048] 2,5,2,5, ",,,,,,[2025-02-14,22:41:03.048],"2,5,2,5,",,,,,,,,,,,,,"Surface,->,3,SwitchID,->,SW02",,,,2,,,,,,,,,,,,,,,,,,,,,,,,,,,,,,,,,,,,,,,
"[2025-02-14 22:41:03.048] 1,5,1,4, ",,,,,,[2025-02-14,22:41:03.048],"1,5,1,4,",,,,,,,,,,,,,"1,6,2,3,",,,,-2,,,,,,,,,,,,,,,,,,,,,,,,,,,,,,,,,,,,,,,
"[2025-02-14 22:41:03.048] 3,2,3,6, ",,,,,,[2025-02-14,22:41:03.048],"3,2,3,6,",,,,,,,,,,,,,"2,6,5,5,",,,,2,,,,,,,,,,,,,,,,,,,,,,,,,,,,,,,,,,,,,,,
[2025-02-14 22:41:03.048] ----------------------,,,,,,[2025-02-14,22:41:03.048],----------------------,,,,,,,,,,,,,"3,6,5,4,",,,,3,,,,,,,,,,,,,,,,,,,,,,,,,,,,,,,,,,,,,,,
[2025-02-14 22:41:04.756] TY1_N,,,,,,[2025-02-14,22:41:04.756],TY1_N,,,,,,,,,,,,,"4,6,5,2,",,,,-2,,,,,,,,,,,,,,,,,,,,,,,,,,,,,,,,,,,,,,,
"[2025-02-14 22:41:04.756] Surface,->,5,SwitchID,->,SW05 ",,,,,,[2025-02-14,22:41:04.756],"Surface,->,5,SwitchID,->,SW05",,,,,,,,,,,,,"1,4,1,3,",,,,2,,,,,,,,,,,,,,,,,,,,,,,,,,,,,,,,,,,,,,,
"[2025-02-14 22:41:04.756] 3,3,3,3, ",,,,,,[2025-02-14,22:41:04.756],"3,3,3,3,",,,,,,,,,,,,,"1,2,4,3,",,,,-3,,,,,,,,,,,,,,,,,,,,,,,,,,,,,,,,,,,,,,,
"[2025-02-14 22:41:04.756] 6,4,6,4, ",,,,,,[2025-02-14,22:41:04.756],"6,4,6,4,",,,,,,,,,,,,,----------------------,,,,3,,,,,,,,,,,,,,,,,,,,,,,,,,,,,,,,,,,,,,,
"[2025-02-14 22:41:04.756] 1,1,1,1, ",,,,,,[2025-02-14,22:41:04.756],"1,1,1,1,",,,,,,,,,,,,,TY2_N,2,2,,,,,,,,,,,,,,,,,,,,,,,,,,,,,,,,,,,,,,,,,
"[2025-02-14 22:41:04.762] 2,5,2,5, ",,,,,,[2025-02-14,22:41:04.762],"2,5,2,5,",,,,,,,,,,,,,"Surface,->,3,SwitchID,->,SW02",,,,2,,,,,,,,,,,,,,,,,,,,,,,,,,,,,,,,,,,,,,,
"[2025-02-14 22:41:04.762] 5,5,4,4, ",,,,,,[2025-02-14,22:41:04.762],"5,5,4,4,",,,,,,,,,,,,,"1,2,2,3,",,,,-3,,,,,,,,,,,,,,,,,,,,,,,,,,,,,,,,,,,,,,,
"[2025-02-14 22:41:04.762] 2,2,6,6, ",,,,,,[2025-02-14,22:41:04.762],"2,2,6,6,",,,,,,,,,,,,,"2,6,5,5,",,,,3,,,,,,,,,,,,,,,,,,,,,,,,,,,,,,,,,,,,,,,
[2025-02-14 22:41:04.762] ----------------------,,,,,,[2025-02-14,22:41:04.762],----------------------,,,,,,,,,,,,,"3,6,4,4,",,,,-1,,,,,,,,,,,,,,,,,,,,,,,,,,,,,,,,,,,,,,,
[2025-02-14 22:41:05.399] TX2_N,,,,,,[2025-02-14,22:41:05.399],TX2_N,,,,,,,,,,,,,"6,2,4,5,",,,,1,,,,,,,,,,,,,,,,,,,,,,,,,,,,,,,,,,,,,,,
"[2025-02-14 22:41:05.400] Surface,->,5,SwitchID,->,SW04 ",,,,,,[2025-02-14,22:41:05.400],"Surface,->,5,SwitchID,->,SW04",,,,,,,,,,,,,"1,6,1,3,",,,,-3,,,,,,,,,,,,,,,,,,,,,,,,,,,,,,,,,,,,,,,
"[2025-02-14 22:41:05.400] 3,3,3,3, ",,,,,,[2025-02-14,22:41:05.400],"3,3,3,3,",,,,,,,,,,,,,"1,5,4,3,",,,,3,,,,,,,,,,,,,,,,,,,,,,,,,,,,,,,,,,,,,,,
"[2025-02-14 22:41:05.400] 4,4,4,4, ",,,,,,[2025-02-14,22:41:05.400],"4,4,4,4,",,,,,,,,,,,,,----------------------,,,,-1,,,,,,,,,,,,,,,,,,,,,,,,,,,,,,,,,,,,,,,
"[2025-02-14 22:41:05.400] 1,1,1,1, ",,,,,,[2025-02-14,22:41:05.400],"1,1,1,1,",,,,,,,,,,,,,c,,,,1,,,,,,,,,,,,,,,,,,,,,,,,,,,,,,,,,,,,,,,
"[2025-02-14 22:41:05.405] 2,2,2,2, ",,,,,,[2025-02-14,22:41:05.405],"2,2,2,2,",,,,,,,,,,,,,r,,,,-3,,,,,,,,,,,,,,,,,,,,,,,,,,,,,,,,,,,,,,,
"[2025-02-14 22:41:05.406] 5,5,5,5, ",,,,,,[2025-02-14,22:41:05.406],"5,5,5,5,",,,,,,,,,,,,,restart RUBIK CUBE,,,,-2,,,,,,,,,,,,,,,,,,,,,,,,,,,,,,,,,,,,,,,
"[2025-02-14 22:41:05.406] 6,6,6,6, ",,,,,,[2025-02-14,22:41:05.406],"6,6,6,6,",,,,,,,,,,,,,command list,,,,2,,,,,,,,,,,,,,,,,,,,,,,,,,,,,,,,,,,,,,,
[2025-02-14 22:41:05.406] ----------------------,,,,,,[2025-02-14,22:41:05.406],----------------------,,,,,,,,,,,,,[d]:displaymode,,,,-2,,,,,,,,,,,,,,,,,,,,,,,,,,,,,,,,,,,,,,,
,,,,,,,,,,,,,,,,,,,,,[r]:reset,,,,-1,,,,,,,,,,,,,,,,,,,,,,,,,,,,,,,,,,,,,,,
,,,,,,,,,,,,,,,,,,,,,init RUBIK CUBE,,,,-2,,,,,,,,,,,,,,,,,,,,,,,,,,,,,,,,,,,,,,,
,,,,,,,,,,,,,,,,,,,,,"1,1,1,1,",,,,2,,,,,,,,,,,,,,,,,,,,,,,,,,,,,,,,,,,,,,,
,,,,,,,,,,,,,,,,,,,,,"2,2,2,2,",,,,1,,,,,,,,,,,,,,,,,,,,,,,,,,,,,,,,,,,,,,,
,,,,,,,,,,,,,,,,,,,,,"3,3,3,3,",,,,-1,,,,,,,,,,,,,,,,,,,,,,,,,,,,,,,,,,,,,,,
,,,,,,,,,,,,,,,,,,,,,"4,4,4,4,",,,,-3,,,,,,,,,,,,,,,,,,,,,,,,,,,,,,,,,,,,,,,
,,,,,,,,,,,,,,,,,,,,,"5,5,5,5,",,,,-1,,,,,,,,,,,,,,,,,,,,,,,,,,,,,,,,,,,,,,,
,,,,,,,,,,,,,,,,,,,,,"6,6,6,6,",,,,-2,,,,,,,,,,,,,,,,,,,,,,,,,,,,,,,,,,,,,,,
,,,,,,,,,,,,,,,,,,,,,----------------------,,,,1,,,,,,,,,,,,,,,,,,,,,,,,,,,,,,,,,,,,,,,
,,,,,,,,,,,,,,,,,,,,,Order Mode,,,,,,,,,,,,,,,,,,,,,,,,,,,,,,,,,,,,,,,,,,,
,,,,,,,,,,,,,,,,,,,,,"1,4,2,3,",,,,,,,,,,,,,,,,,,,,,,,,,,,,,,,,,,,,,,,,,,,
,,,,,,,,,,,,,,,,,,,,,"2,6,5,5,",,,,,,,,,,,,,,,,,,,,,,,,,,,,,,,,,,,,,,,,,,,
,,,,,,,,,,,,,,,,,,,,,"3,6,2,4,",,,,,,,,,,,,,,,,,,,,,,,,,,,,,,,,,,,,,,,,,,,
,,,,,,,,,,,,,,,,,,,,,"5,4,2,6,",,,,,,,,,,,,,,,,,,,,,,,,,,,,,,,,,,,,,,,,,,,
,,,,,,,,,,,,,,,,,,,,,"1,5,1,3,",,,,,,,,,,,,,,,,,,,,,,,,,,,,,,,,,,,,,,,,,,,
,,,,,,,,,,,,,,,,,,,,,"1,6,4,3,",,,,,,,,,,,,,,,,,,,,,,,,,,,,,,,,,,,,,,,,,,,
,,,,,,,,,,,,,,,,,,,,,----------------------,,,,,,,,,,,,,,,,,,,,,,,,,,,,,,,,,,,,,,,,,,,
,,,,,,,,,,,,,,,,,,,,,RUBIK CUBE START,,,,,,,,,,,,,,,,,,,,,,,,,,,,,,,,,,,,,,,,,,,
,,,,,,,,,,,,,,,,,,,,,,,,,,,,,,,,,,,,,,,,,,,,,,,,,,,,,,,,,,,,,,,,
,,,,,,,,,,,,,,,,,,,,,TY2_P,-2,-2,,,,,,,,,,,,,,,,,,,,,,,,,,,,,,,,,,,,,,,,,
,,,,,,,,,,,,,,,,,,,,,"Surface,->,1,SwitchID,->,SW01",,,,,,,,,,,,,,,,,,,,,,,,,,,,,,,,,,,,,,,,,,,
,,,,,,,,,,,,,,,,,,,,,"1,5,2,3,",,,,,,,,,,,,,,,,,,,,,,,,,,,,,,,,,,,,,,,,,,,
,,,,,,,,,,,,,,,,,,,,,"2,6,5,5,",,,,,,,,,,,,,,,,,,,,,,,,,,,,,,,,,,,,,,,,,,,
,,,,,,,,,,,,,,,,,,,,,"3,6,6,4,",,,,,,,,,,,,,,,,,,,,,,,,,,,,,,,,,,,,,,,,,,,
,,,,,,,,,,,,,,,,,,,,,"2,5,6,4,",,,,,,,,,,,,,,,,,,,,,,,,,,,,,,,,,,,,,,,,,,,
,,,,,,,,,,,,,,,,,,,,,"1,2,1,3,",,,,,,,,,,,,,,,,,,,,,,,,,,,,,,,,,,,,,,,,,,,
,,,,,,,,,,,,,,,,,,,,,"1,4,4,3,",,,,,,,,,,,,,,,,,,,,,,,,,,,,,,,,,,,,,,,,,,,
,,,,,,,,,,,,,,,,,,,,,----------------------,,,,,,,,,,,,,,,,,,,,,,,,,,,,,,,,,,,,,,,,,,,
,,,,,,,,,,,,,,,,,,,,,TY2_N,2,2,,,,,,,,,,,,,,,,,,,,,,,,,,,,,,,,,,,,,,,,,
,,,,,,,,,,,,,,,,,,,,,"Surface,->,5,SwitchID,->,SW06",,,,,,,,,,,,,,,,,,,,,,,,,,,,,,,,,,,,,,,,,,,
,,,,,,,,,,,,,,,,,,,,,"1,4,2,3,",,,,,,,,,,,,,,,,,,,,,,,,,,,,,,,,,,,,,,,,,,,
,,,,,,,,,,,,,,,,,,,,,"2,6,5,5,",,,,,,,,,,,,,,,,,,,,,,,,,,,,,,,,,,,,,,,,,,,
,,,,,,,,,,,,,,,,,,,,,"3,6,2,4,",,,,,,,,,,,,,,,,,,,,,,,,,,,,,,,,,,,,,,,,,,,
,,,,,,,,,,,,,,,,,,,,,"5,4,2,6,",,,,,,,,,,,,,,,,,,,,,,,,,,,,,,,,,,,,,,,,,,,
,,,,,,,,,,,,,,,,,,,,,"1,5,1,3,",,,,,,,,,,,,,,,,,,,,,,,,,,,,,,,,,,,,,,,,,,,
,,,,,,,,,,,,,,,,,,,,,"1,6,4,3,",,,,,,,,,,,,,,,,,,,,,,,,,,,,,,,,,,,,,,,,,,,
,,,,,,,,,,,,,,,,,,,,,----------------------,,,,,,,,,,,,,,,,,,,,,,,,,,,,,,,,,,,,,,,,,,,
,,,,,,,,,,,,,,,,,,,,,TZ2_N,3,3,,,,,,,,,,,,,,,,,,,,,,,,,,,,,,,,,,,,,,,,,
,,,,,,,,,,,,,,,,,,,,,"Surface,->,1,SwitchID,->,SW08",,,,,,,,,,,,,,,,,,,,,,,,,,,,,,,,,,,,,,,,,,,
,,,,,,,,,,,,,,,,,,,,,"2,6,2,3,",,,,,,,,,,,,,,,,,,,,,,,,,,,,,,,,,,,,,,,,,,,
,,,,,,,,,,,,,,,,,,,,,"3,6,5,5,",,,,,,,,,,,,,,,,,,,,,,,,,,,,,,,,,,,,,,,,,,,
,,,,,,,,,,,,,,,,,,,,,"5,4,2,4,",,,,,,,,,,,,,,,,,,,,,,,,,,,,,,,,,,,,,,,,,,,
,,,,,,,,,,,,,,,,,,,,,"1,4,2,6,",,,,,,,,,,,,,,,,,,,,,,,,,,,,,,,,,,,,,,,,,,,
,,,,,,,,,,,,,,,,,,,,,"1,5,1,3,",,,,,,,,,,,,,,,,,,,,,,,,,,,,,,,,,,,,,,,,,,,
,,,,,,,,,,,,,,,,,,,,,"6,3,1,4,",,,,,,,,,,,,,,,,,,,,,,,,,,,,,,,,,,,,,,,,,,,
,,,,,,,,,,,,,,,,,,,,,----------------------,,,,,,,,,,,,,,,,,,,,,,,,,,,,,,,,,,,,,,,,,,,
,,,,,,,,,,,,,,,,,,,,,TY1_N,-2,-2,,,,,,,,,,,,,,,,,,,,,,,,,,,,,,,,,,,,,,,,,
,,,,,,,,,,,,,,,,,,,,,"Surface,->,1,SwitchID,->,SW05",,,,,,,,,,,,,,,,,,,,,,,,,,,,,,,,,,,,,,,,,,,
,,,,,,,,,,,,,,,,,,,,,"6,6,1,3,",,,,,,,,,,,,,,,,,,,,,,,,,,,,,,,,,,,,,,,,,,,
,,,,,,,,,,,,,,,,,,,,,"5,3,5,6,",,,,,,,,,,,,,,,,,,,,,,,,,,,,,,,,,,,,,,,,,,,
,,,,,,,,,,,,,,,,,,,,,"5,1,2,1,",,,,,,,,,,,,,,,,,,,,,,,,,,,,,,,,,,,,,,,,,,,
,,,,,,,,,,,,,,,,,,,,,"1,4,2,6,",,,,,,,,,,,,,,,,,,,,,,,,,,,,,,,,,,,,,,,,,,,
,,,,,,,,,,,,,,,,,,,,,"2,5,2,3,",,,,,,,,,,,,,,,,,,,,,,,,,,,,,,,,,,,,,,,,,,,
,,,,,,,,,,,,,,,,,,,,,"4,3,4,4,",,,,,,,,,,,,,,,,,,,,,,,,,,,,,,,,,,,,,,,,,,,
,,,,,,,,,,,,,,,,,,,,,----------------------,,,,,,,,,,,,,,,,,,,,,,,,,,,,,,,,,,,,,,,,,,,
,,,,,,,,,,,,,,,,,,,,,TY1_P,2,2,,,,,,,,,,,,,,,,,,,,,,,,,,,,,,,,,,,,,,,,,
,,,,,,,,,,,,,,,,,,,,,"Surface,->,1,SwitchID,->,SW02",,,,,,,,,,,,,,,,,,,,,,,,,,,,,,,,,,,,,,,,,,,
,,,,,,,,,,,,,,,,,,,,,"2,6,2,3,",,,,,,,,,,,,,,,,,,,,,,,,,,,,,,,,,,,,,,,,,,,
,,,,,,,,,,,,,,,,,,,,,"3,6,5,5,",,,,,,,,,,,,,,,,,,,,,,,,,,,,,,,,,,,,,,,,,,,
,,,,,,,,,,,,,,,,,,,,,"5,4,2,4,",,,,,,,,,,,,,,,,,,,,,,,,,,,,,,,,,,,,,,,,,,,
,,,,,,,,,,,,,,,,,,,,,"1,4,2,6,",,,,,,,,,,,,,,,,,,,,,,,,,,,,,,,,,,,,,,,,,,,
,,,,,,,,,,,,,,,,,,,,,"1,5,1,3,",,,,,,,,,,,,,,,,,,,,,,,,,,,,,,,,,,,,,,,,,,,
,,,,,,,,,,,,,,,,,,,,,"6,3,1,4,",,,,,,,,,,,,,,,,,,,,,,,,,,,,,,,,,,,,,,,,,,,
,,,,,,,,,,,,,,,,,,,,,----------------------,,,,,,,,,,,,,,,,,,,,,,,,,,,,,,,,,,,,,,,,,,,
,,,,,,,,,,,,,,,,,,,,,TZ2_P,-3,-3,,,,,,,,,,,,,,,,,,,,,,,,,,,,,,,,,,,,,,,,,
,,,,,,,,,,,,,,,,,,,,,"Surface,->,1,SwitchID,->,SW03",,,,,,,,,,,,,,,,,,,,,,,,,,,,,,,,,,,,,,,,,,,
,,,,,,,,,,,,,,,,,,,,,"1,4,2,3,",,,,,,,,,,,,,,,,,,,,,,,,,,,,,,,,,,,,,,,,,,,
,,,,,,,,,,,,,,,,,,,,,"2,6,5,5,",,,,,,,,,,,,,,,,,,,,,,,,,,,,,,,,,,,,,,,,,,,
,,,,,,,,,,,,,,,,,,,,,"3,6,2,4,",,,,,,,,,,,,,,,,,,,,,,,,,,,,,,,,,,,,,,,,,,,
,,,,,,,,,,,,,,,,,,,,,"5,4,2,6,",,,,,,,,,,,,,,,,,,,,,,,,,,,,,,,,,,,,,,,,,,,
,,,,,,,,,,,,,,,,,,,,,"1,5,1,3,",,,,,,,,,,,,,,,,,,,,,,,,,,,,,,,,,,,,,,,,,,,
,,,,,,,,,,,,,,,,,,,,,"1,6,4,3,",,,,,,,,,,,,,,,,,,,,,,,,,,,,,,,,,,,,,,,,,,,
,,,,,,,,,,,,,,,,,,,,,----------------------,,,,,,,,,,,,,,,,,,,,,,,,,,,,,,,,,,,,,,,,,,,
,,,,,,,,,,,,,,,,,,,,,TZ2_N,3,3,,,,,,,,,,,,,,,,,,,,,,,,,,,,,,,,,,,,,,,,,
,,,,,,,,,,,,,,,,,,,,,"Surface,->,1,SwitchID,->,SW08",,,,,,,,,,,,,,,,,,,,,,,,,,,,,,,,,,,,,,,,,,,
,,,,,,,,,,,,,,,,,,,,,"2,6,2,3,",,,,,,,,,,,,,,,,,,,,,,,,,,,,,,,,,,,,,,,,,,,
,,,,,,,,,,,,,,,,,,,,,"3,6,5,5,",,,,,,,,,,,,,,,,,,,,,,,,,,,,,,,,,,,,,,,,,,,
,,,,,,,,,,,,,,,,,,,,,"5,4,2,4,",,,,,,,,,,,,,,,,,,,,,,,,,,,,,,,,,,,,,,,,,,,
,,,,,,,,,,,,,,,,,,,,,"1,4,2,6,",,,,,,,,,,,,,,,,,,,,,,,,,,,,,,,,,,,,,,,,,,,
,,,,,,,,,,,,,,,,,,,,,"1,5,1,3,",,,,,,,,,,,,,,,,,,,,,,,,,,,,,,,,,,,,,,,,,,,
,,,,,,,,,,,,,,,,,,,,,"6,3,1,4,",,,,,,,,,,,,,,,,,,,,,,,,,,,,,,,,,,,,,,,,,,,
,,,,,,,,,,,,,,,,,,,,,----------------------,,,,,,,,,,,,,,,,,,,,,,,,,,,,,,,,,,,,,,,,,,,
,,,,,,,,,,,,,,,,,,,,,TY1_N,-2,-2,,,,,,,,,,,,,,,,,,,,,,,,,,,,,,,,,,,,,,,,,
,,,,,,,,,,,,,,,,,,,,,"Surface,->,1,SwitchID,->,SW05",,,,,,,,,,,,,,,,,,,,,,,,,,,,,,,,,,,,,,,,,,,
,,,,,,,,,,,,,,,,,,,,,"6,6,1,3,",,,,,,,,,,,,,,,,,,,,,,,,,,,,,,,,,,,,,,,,,,,
,,,,,,,,,,,,,,,,,,,,,"5,3,5,6,",,,,,,,,,,,,,,,,,,,,,,,,,,,,,,,,,,,,,,,,,,,
,,,,,,,,,,,,,,,,,,,,,"5,1,2,1,",,,,,,,,,,,,,,,,,,,,,,,,,,,,,,,,,,,,,,,,,,,
,,,,,,,,,,,,,,,,,,,,,"1,4,2,6,",,,,,,,,,,,,,,,,,,,,,,,,,,,,,,,,,,,,,,,,,,,
,,,,,,,,,,,,,,,,,,,,,"2,5,2,3,",,,,,,,,,,,,,,,,,,,,,,,,,,,,,,,,,,,,,,,,,,,
,,,,,,,,,,,,,,,,,,,,,"4,3,4,4,",,,,,,,,,,,,,,,,,,,,,,,,,,,,,,,,,,,,,,,,,,,
,,,,,,,,,,,,,,,,,,,,,----------------------,,,,,,,,,,,,,,,,,,,,,,,,,,,,,,,,,,,,,,,,,,,
,,,,,,,,,,,,,,,,,,,,,TY1_P,2,2,,,,,,,,,,,,,,,,,,,,,,,,,,,,,,,,,,,,,,,,,
,,,,,,,,,,,,,,,,,,,,,"Surface,->,1,SwitchID,->,SW02",,,,,,,,,,,,,,,,,,,,,,,,,,,,,,,,,,,,,,,,,,,
,,,,,,,,,,,,,,,,,,,,,"2,6,2,3,",,,,,,,,,,,,,,,,,,,,,,,,,,,,,,,,,,,,,,,,,,,
,,,,,,,,,,,,,,,,,,,,,"3,6,5,5,",,,,,,,,,,,,,,,,,,,,,,,,,,,,,,,,,,,,,,,,,,,
,,,,,,,,,,,,,,,,,,,,,"5,4,2,4,",,,,,,,,,,,,,,,,,,,,,,,,,,,,,,,,,,,,,,,,,,,
,,,,,,,,,,,,,,,,,,,,,"1,4,2,6,",,,,,,,,,,,,,,,,,,,,,,,,,,,,,,,,,,,,,,,,,,,
,,,,,,,,,,,,,,,,,,,,,"1,5,1,3,",,,,,,,,,,,,,,,,,,,,,,,,,,,,,,,,,,,,,,,,,,,
,,,,,,,,,,,,,,,,,,,,,"6,3,1,4,",,,,,,,,,,,,,,,,,,,,,,,,,,,,,,,,,,,,,,,,,,,
,,,,,,,,,,,,,,,,,,,,,----------------------,,,,,,,,,,,,,,,,,,,,,,,,,,,,,,,,,,,,,,,,,,,
,,,,,,,,,,,,,,,,,,,,,TZ2_P,-3,-3,,,,,,,,,,,,,,,,,,,,,,,,,,,,,,,,,,,,,,,,,
,,,,,,,,,,,,,,,,,,,,,"Surface,->,1,SwitchID,->,SW03",,,,,,,,,,,,,,,,,,,,,,,,,,,,,,,,,,,,,,,,,,,
,,,,,,,,,,,,,,,,,,,,,"1,4,2,3,",,,,,,,,,,,,,,,,,,,,,,,,,,,,,,,,,,,,,,,,,,,
,,,,,,,,,,,,,,,,,,,,,"2,6,5,5,",,,,,,,,,,,,,,,,,,,,,,,,,,,,,,,,,,,,,,,,,,,
,,,,,,,,,,,,,,,,,,,,,"3,6,2,4,",,,,,,,,,,,,,,,,,,,,,,,,,,,,,,,,,,,,,,,,,,,
,,,,,,,,,,,,,,,,,,,,,"5,4,2,6,",,,,,,,,,,,,,,,,,,,,,,,,,,,,,,,,,,,,,,,,,,,
,,,,,,,,,,,,,,,,,,,,,"1,5,1,3,",,,,,,,,,,,,,,,,,,,,,,,,,,,,,,,,,,,,,,,,,,,
,,,,,,,,,,,,,,,,,,,,,"1,6,4,3,",,,,,,,,,,,,,,,,,,,,,,,,,,,,,,,,,,,,,,,,,,,
,,,,,,,,,,,,,,,,,,,,,----------------------,,,,,,,,,,,,,,,,,,,,,,,,,,,,,,,,,,,,,,,,,,,
,,,,,,,,,,,,,,,,,,,,,TZ1_P,3,3,,,,,,,,,,,,,,,,,,,,,,,,,,,,,,,,,,,,,,,,,
,,,,,,,,,,,,,,,,,,,,,"Surface,->,2,SwitchID,->,SW04",,,,,,,,,,,,,,,,,,,,,,,,,,,,,,,,,,,,,,,,,,,
,,,,,,,,,,,,,,,,,,,,,"1,4,2,6,",,,,,,,,,,,,,,,,,,,,,,,,,,,,,,,,,,,,,,,,,,,
,,,,,,,,,,,,,,,,,,,,,"2,6,2,3,",,,,,,,,,,,,,,,,,,,,,,,,,,,,,,,,,,,,,,,,,,,
,,,,,,,,,,,,,,,,,,,,,"3,6,5,5,",,,,,,,,,,,,,,,,,,,,,,,,,,,,,,,,,,,,,,,,,,,
,,,,,,,,,,,,,,,,,,,,,"5,4,2,4,",,,,,,,,,,,,,,,,,,,,,,,,,,,,,,,,,,,,,,,,,,,
,,,,,,,,,,,,,,,,,,,,,"5,3,1,1,",,,,,,,,,,,,,,,,,,,,,,,,,,,,,,,,,,,,,,,,,,,
,,,,,,,,,,,,,,,,,,,,,"1,6,4,3,",,,,,,,,,,,,,,,,,,,,,,,,,,,,,,,,,,,,,,,,,,,
,,,,,,,,,,,,,,,,,,,,,----------------------,,,,,,,,,,,,,,,,,,,,,,,,,,,,,,,,,,,,,,,,,,,
,,,,,,,,,,,,,,,,,,,,,TX1_N,-1,-1,,,,,,,,,,,,,,,,,,,,,,,,,,,,,,,,,,,,,,,,,
,,,,,,,,,,,,,,,,,,,,,"Surface,->,2,SwitchID,->,SW01",,,,,,,,,,,,,,,,,,,,,,,,,,,,,,,,,,,,,,,,,,,
,,,,,,,,,,,,,,,,,,,,,"2,1,6,4,",,,,,,,,,,,,,,,,,,,,,,,,,,,,,,,,,,,,,,,,,,,
,,,,,,,,,,,,,,,,,,,,,"2,5,2,3,",,,,,,,,,,,,,,,,,,,,,,,,,,,,,,,,,,,,,,,,,,,
,,,,,,,,,,,,,,,,,,,,,"3,6,5,5,",,,,,,,,,,,,,,,,,,,,,,,,,,,,,,,,,,,,,,,,,,,
,,,,,,,,,,,,,,,,,,,,,"4,4,3,4,",,,,,,,,,,,,,,,,,,,,,,,,,,,,,,,,,,,,,,,,,,,
,,,,,,,,,,,,,,,,,,,,,"2,5,1,1,",,,,,,,,,,,,,,,,,,,,,,,,,,,,,,,,,,,,,,,,,,,
,,,,,,,,,,,,,,,,,,,,,"1,6,3,6,",,,,,,,,,,,,,,,,,,,,,,,,,,,,,,,,,,,,,,,,,,,
,,,,,,,,,,,,,,,,,,,,,----------------------,,,,,,,,,,,,,,,,,,,,,,,,,,,,,,,,,,,,,,,,,,,
,,,,,,,,,,,,,,,,,,,,,TX1_P,1,1,,,,,,,,,,,,,,,,,,,,,,,,,,,,,,,,,,,,,,,,,
,,,,,,,,,,,,,,,,,,,,,"Surface,->,2,SwitchID,->,SW06",,,,,,,,,,,,,,,,,,,,,,,,,,,,,,,,,,,,,,,,,,,
,,,,,,,,,,,,,,,,,,,,,"1,4,2,6,",,,,,,,,,,,,,,,,,,,,,,,,,,,,,,,,,,,,,,,,,,,
,,,,,,,,,,,,,,,,,,,,,"2,6,2,3,",,,,,,,,,,,,,,,,,,,,,,,,,,,,,,,,,,,,,,,,,,,
,,,,,,,,,,,,,,,,,,,,,"3,6,5,5,",,,,,,,,,,,,,,,,,,,,,,,,,,,,,,,,,,,,,,,,,,,
,,,,,,,,,,,,,,,,,,,,,"5,4,2,4,",,,,,,,,,,,,,,,,,,,,,,,,,,,,,,,,,,,,,,,,,,,
,,,,,,,,,,,,,,,,,,,,,"5,3,1,1,",,,,,,,,,,,,,,,,,,,,,,,,,,,,,,,,,,,,,,,,,,,
,,,,,,,,,,,,,,,,,,,,,"1,6,4,3,",,,,,,,,,,,,,,,,,,,,,,,,,,,,,,,,,,,,,,,,,,,
,,,,,,,,,,,,,,,,,,,,,----------------------,,,,,,,,,,,,,,,,,,,,,,,,,,,,,,,,,,,,,,,,,,,
,,,,,,,,,,,,,,,,,,,,,TZ1_N,-3,-3,,,,,,,,,,,,,,,,,,,,,,,,,,,,,,,,,,,,,,,,,
,,,,,,,,,,,,,,,,,,,,,"Surface,->,2,SwitchID,->,SW07",,,,,,,,,,,,,,,,,,,,,,,,,,,,,,,,,,,,,,,,,,,
,,,,,,,,,,,,,,,,,,,,,"1,4,2,3,",,,,,,,,,,,,,,,,,,,,,,,,,,,,,,,,,,,,,,,,,,,
,,,,,,,,,,,,,,,,,,,,,"2,6,5,5,",,,,,,,,,,,,,,,,,,,,,,,,,,,,,,,,,,,,,,,,,,,
,,,,,,,,,,,,,,,,,,,,,"3,6,2,4,",,,,,,,,,,,,,,,,,,,,,,,,,,,,,,,,,,,,,,,,,,,
,,,,,,,,,,,,,,,,,,,,,"5,4,2,6,",,,,,,,,,,,,,,,,,,,,,,,,,,,,,,,,,,,,,,,,,,,
,,,,,,,,,,,,,,,,,,,,,"1,5,1,3,",,,,,,,,,,,,,,,,,,,,,,,,,,,,,,,,,,,,,,,,,,,
,,,,,,,,,,,,,,,,,,,,,"1,6,4,3,",,,,,,,,,,,,,,,,,,,,,,,,,,,,,,,,,,,,,,,,,,,
,,,,,,,,,,,,,,,,,,,,,----------------------,,,,,,,,,,,,,,,,,,,,,,,,,,,,,,,,,,,,,,,,,,,
,,,,,,,,,,,,,,,,,,,,,TZ1_P,3,3,,,,,,,,,,,,,,,,,,,,,,,,,,,,,,,,,,,,,,,,,
,,,,,,,,,,,,,,,,,,,,,"Surface,->,2,SwitchID,->,SW04",,,,,,,,,,,,,,,,,,,,,,,,,,,,,,,,,,,,,,,,,,,
,,,,,,,,,,,,,,,,,,,,,"1,4,2,6,",,,,,,,,,,,,,,,,,,,,,,,,,,,,,,,,,,,,,,,,,,,
,,,,,,,,,,,,,,,,,,,,,"2,6,2,3,",,,,,,,,,,,,,,,,,,,,,,,,,,,,,,,,,,,,,,,,,,,
,,,,,,,,,,,,,,,,,,,,,"3,6,5,5,",,,,,,,,,,,,,,,,,,,,,,,,,,,,,,,,,,,,,,,,,,,
,,,,,,,,,,,,,,,,,,,,,"5,4,2,4,",,,,,,,,,,,,,,,,,,,,,,,,,,,,,,,,,,,,,,,,,,,
,,,,,,,,,,,,,,,,,,,,,"5,3,1,1,",,,,,,,,,,,,,,,,,,,,,,,,,,,,,,,,,,,,,,,,,,,
,,,,,,,,,,,,,,,,,,,,,"1,6,4,3,",,,,,,,,,,,,,,,,,,,,,,,,,,,,,,,,,,,,,,,,,,,
,,,,,,,,,,,,,,,,,,,,,----------------------,,,,,,,,,,,,,,,,,,,,,,,,,,,,,,,,,,,,,,,,,,,
,,,,,,,,,,,,,,,,,,,,,TX1_N,-1,-1,,,,,,,,,,,,,,,,,,,,,,,,,,,,,,,,,,,,,,,,,
,,,,,,,,,,,,,,,,,,,,,"Surface,->,2,SwitchID,->,SW01",,,,,,,,,,,,,,,,,,,,,,,,,,,,,,,,,,,,,,,,,,,
,,,,,,,,,,,,,,,,,,,,,"2,1,6,4,",,,,,,,,,,,,,,,,,,,,,,,,,,,,,,,,,,,,,,,,,,,
,,,,,,,,,,,,,,,,,,,,,"2,5,2,3,",,,,,,,,,,,,,,,,,,,,,,,,,,,,,,,,,,,,,,,,,,,
,,,,,,,,,,,,,,,,,,,,,"3,6,5,5,",,,,,,,,,,,,,,,,,,,,,,,,,,,,,,,,,,,,,,,,,,,
,,,,,,,,,,,,,,,,,,,,,"4,4,3,4,",,,,,,,,,,,,,,,,,,,,,,,,,,,,,,,,,,,,,,,,,,,
,,,,,,,,,,,,,,,,,,,,,"2,5,1,1,",,,,,,,,,,,,,,,,,,,,,,,,,,,,,,,,,,,,,,,,,,,
,,,,,,,,,,,,,,,,,,,,,"1,6,3,6,",,,,,,,,,,,,,,,,,,,,,,,,,,,,,,,,,,,,,,,,,,,
,,,,,,,,,,,,,,,,,,,,,----------------------,,,,,,,,,,,,,,,,,,,,,,,,,,,,,,,,,,,,,,,,,,,
,,,,,,,,,,,,,,,,,,,,,TX1_P,1,1,,,,,,,,,,,,,,,,,,,,,,,,,,,,,,,,,,,,,,,,,
,,,,,,,,,,,,,,,,,,,,,"Surface,->,2,SwitchID,->,SW06",,,,,,,,,,,,,,,,,,,,,,,,,,,,,,,,,,,,,,,,,,,
,,,,,,,,,,,,,,,,,,,,,"1,4,2,6,",,,,,,,,,,,,,,,,,,,,,,,,,,,,,,,,,,,,,,,,,,,
,,,,,,,,,,,,,,,,,,,,,"2,6,2,3,",,,,,,,,,,,,,,,,,,,,,,,,,,,,,,,,,,,,,,,,,,,
,,,,,,,,,,,,,,,,,,,,,"3,6,5,5,",,,,,,,,,,,,,,,,,,,,,,,,,,,,,,,,,,,,,,,,,,,
,,,,,,,,,,,,,,,,,,,,,"5,4,2,4,",,,,,,,,,,,,,,,,,,,,,,,,,,,,,,,,,,,,,,,,,,,
,,,,,,,,,,,,,,,,,,,,,"5,3,1,1,",,,,,,,,,,,,,,,,,,,,,,,,,,,,,,,,,,,,,,,,,,,
,,,,,,,,,,,,,,,,,,,,,"1,6,4,3,",,,,,,,,,,,,,,,,,,,,,,,,,,,,,,,,,,,,,,,,,,,
,,,,,,,,,,,,,,,,,,,,,----------------------,,,,,,,,,,,,,,,,,,,,,,,,,,,,,,,,,,,,,,,,,,,
,,,,,,,,,,,,,,,,,,,,,TZ1_N,-3,-3,,,,,,,,,,,,,,,,,,,,,,,,,,,,,,,,,,,,,,,,,
,,,,,,,,,,,,,,,,,,,,,"Surface,->,2,SwitchID,->,SW07",,,,,,,,,,,,,,,,,,,,,,,,,,,,,,,,,,,,,,,,,,,
,,,,,,,,,,,,,,,,,,,,,"1,4,2,3,",,,,,,,,,,,,,,,,,,,,,,,,,,,,,,,,,,,,,,,,,,,
,,,,,,,,,,,,,,,,,,,,,"2,6,5,5,",,,,,,,,,,,,,,,,,,,,,,,,,,,,,,,,,,,,,,,,,,,
,,,,,,,,,,,,,,,,,,,,,"3,6,2,4,",,,,,,,,,,,,,,,,,,,,,,,,,,,,,,,,,,,,,,,,,,,
,,,,,,,,,,,,,,,,,,,,,"5,4,2,6,",,,,,,,,,,,,,,,,,,,,,,,,,,,,,,,,,,,,,,,,,,,
,,,,,,,,,,,,,,,,,,,,,"1,5,1,3,",,,,,,,,,,,,,,,,,,,,,,,,,,,,,,,,,,,,,,,,,,,
,,,,,,,,,,,,,,,,,,,,,"1,6,4,3,",,,,,,,,,,,,,,,,,,,,,,,,,,,,,,,,,,,,,,,,,,,
,,,,,,,,,,,,,,,,,,,,,----------------------,,,,,,,,,,,,,,,,,,,,,,,,,,,,,,,,,,,,,,,,,,,
,,,,,,,,,,,,,,,,,,,,,TY1_N,-2,-2,,,,,,,,,,,,,,,,,,,,,,,,,,,,,,,,,,,,,,,,,
,,,,,,,,,,,,,,,,,,,,,"Surface,->,5,SwitchID,->,SW05",,,,,,,,,,,,,,,,,,,,,,,,,,,,,,,,,,,,,,,,,,,
,,,,,,,,,,,,,,,,,,,,,"1,4,4,3,",,,,,,,,,,,,,,,,,,,,,,,,,,,,,,,,,,,,,,,,,,,
,,,,,,,,,,,,,,,,,,,,,"5,2,5,6,",,,,,,,,,,,,,,,,,,,,,,,,,,,,,,,,,,,,,,,,,,,
,,,,,,,,,,,,,,,,,,,,,"3,1,2,1,",,,,,,,,,,,,,,,,,,,,,,,,,,,,,,,,,,,,,,,,,,,
,,,,,,,,,,,,,,,,,,,,,"5,4,2,6,",,,,,,,,,,,,,,,,,,,,,,,,,,,,,,,,,,,,,,,,,,,
,,,,,,,,,,,,,,,,,,,,,"1,5,2,3,",,,,,,,,,,,,,,,,,,,,,,,,,,,,,,,,,,,,,,,,,,,
,,,,,,,,,,,,,,,,,,,,,"4,6,6,3,",,,,,,,,,,,,,,,,,,,,,,,,,,,,,,,,,,,,,,,,,,,
,,,,,,,,,,,,,,,,,,,,,----------------------,,,,,,,,,,,,,,,,,,,,,,,,,,,,,,,,,,,,,,,,,,,
,,,,,,,,,,,,,,,,,,,,,TY1_P,2,2,,,,,,,,,,,,,,,,,,,,,,,,,,,,,,,,,,,,,,,,,
,,,,,,,,,,,,,,,,,,,,,"Surface,->,5,SwitchID,->,SW02",,,,,,,,,,,,,,,,,,,,,,,,,,,,,,,,,,,,,,,,,,,
,,,,,,,,,,,,,,,,,,,,,"1,4,2,3,",,,,,,,,,,,,,,,,,,,,,,,,,,,,,,,,,,,,,,,,,,,
,,,,,,,,,,,,,,,,,,,,,"2,6,5,5,",,,,,,,,,,,,,,,,,,,,,,,,,,,,,,,,,,,,,,,,,,,
,,,,,,,,,,,,,,,,,,,,,"3,6,2,4,",,,,,,,,,,,,,,,,,,,,,,,,,,,,,,,,,,,,,,,,,,,
,,,,,,,,,,,,,,,,,,,,,"5,4,2,6,",,,,,,,,,,,,,,,,,,,,,,,,,,,,,,,,,,,,,,,,,,,
,,,,,,,,,,,,,,,,,,,,,"1,5,1,3,",,,,,,,,,,,,,,,,,,,,,,,,,,,,,,,,,,,,,,,,,,,
,,,,,,,,,,,,,,,,,,,,,"1,6,4,3,",,,,,,,,,,,,,,,,,,,,,,,,,,,,,,,,,,,,,,,,,,,
,,,,,,,,,,,,,,,,,,,,,----------------------,,,,,,,,,,,,,,,,,,,,,,,,,,,,,,,,,,,,,,,,,,,
,,,,,,,,,,,,,,,,,,,,,TY1_N,-2,-2,,,,,,,,,,,,,,,,,,,,,,,,,,,,,,,,,,,,,,,,,
,,,,,,,,,,,,,,,,,,,,,"Surface,->,5,SwitchID,->,SW05",,,,,,,,,,,,,,,,,,,,,,,,,,,,,,,,,,,,,,,,,,,
,,,,,,,,,,,,,,,,,,,,,"1,4,4,3,",,,,,,,,,,,,,,,,,,,,,,,,,,,,,,,,,,,,,,,,,,,
,,,,,,,,,,,,,,,,,,,,,"5,2,5,6,",,,,,,,,,,,,,,,,,,,,,,,,,,,,,,,,,,,,,,,,,,,
,,,,,,,,,,,,,,,,,,,,,"3,1,2,1,",,,,,,,,,,,,,,,,,,,,,,,,,,,,,,,,,,,,,,,,,,,
,,,,,,,,,,,,,,,,,,,,,"5,4,2,6,",,,,,,,,,,,,,,,,,,,,,,,,,,,,,,,,,,,,,,,,,,,
,,,,,,,,,,,,,,,,,,,,,"1,5,2,3,",,,,,,,,,,,,,,,,,,,,,,,,,,,,,,,,,,,,,,,,,,,
,,,,,,,,,,,,,,,,,,,,,"4,6,6,3,",,,,,,,,,,,,,,,,,,,,,,,,,,,,,,,,,,,,,,,,,,,
,,,,,,,,,,,,,,,,,,,,,----------------------,,,,,,,,,,,,,,,,,,,,,,,,,,,,,,,,,,,,,,,,,,,
,,,,,,,,,,,,,,,,,,,,,TX1_N,-1,-1,,,,,,,,,,,,,,,,,,,,,,,,,,,,,,,,,,,,,,,,,
,,,,,,,,,,,,,,,,,,,,,"Surface,->,5,SwitchID,->,SW03",,,,,,,,,,,,,,,,,,,,,,,,,,,,,,,,,,,,,,,,,,,
,,,,,,,,,,,,,,,,,,,,,"4,1,3,4,",,,,,,,,,,,,,,,,,,,,,,,,,,,,,,,,,,,,,,,,,,,
,,,,,,,,,,,,,,,,,,,,,"5,1,5,5,",,,,,,,,,,,,,,,,,,,,,,,,,,,,,,,,,,,,,,,,,,,
,,,,,,,,,,,,,,,,,,,,,"3,1,2,1,",,,,,,,,,,,,,,,,,,,,,,,,,,,,,,,,,,,,,,,,,,,
,,,,,,,,,,,,,,,,,,,,,"6,4,3,6,",,,,,,,,,,,,,,,,,,,,,,,,,,,,,,,,,,,,,,,,,,,
,,,,,,,,,,,,,,,,,,,,,"2,5,2,3,",,,,,,,,,,,,,,,,,,,,,,,,,,,,,,,,,,,,,,,,,,,
,,,,,,,,,,,,,,,,,,,,,"4,6,6,2,",,,,,,,,,,,,,,,,,,,,,,,,,,,,,,,,,,,,,,,,,,,
,,,,,,,,,,,,,,,,,,,,,----------------------,,,,,,,,,,,,,,,,,,,,,,,,,,,,,,,,,,,,,,,,,,,
,,,,,,,,,,,,,,,,,,,,,TY2_P,-2,-2,,,,,,,,,,,,,,,,,,,,,,,,,,,,,,,,,,,,,,,,,
,,,,,,,,,,,,,,,,,,,,,"Surface,->,1,SwitchID,->,SW01",,,,,,,,,,,,,,,,,,,,,,,,,,,,,,,,,,,,,,,,,,,
,,,,,,,,,,,,,,,,,,,,,"4,5,3,3,",,,,,,,,,,,,,,,,,,,,,,,,,,,,,,,,,,,,,,,,,,,
,,,,,,,,,,,,,,,,,,,,,"5,1,5,5,",,,,,,,,,,,,,,,,,,,,,,,,,,,,,,,,,,,,,,,,,,,
,,,,,,,,,,,,,,,,,,,,,"2,1,6,1,",,,,,,,,,,,,,,,,,,,,,,,,,,,,,,,,,,,,,,,,,,,
,,,,,,,,,,,,,,,,,,,,,"3,6,6,4,",,,,,,,,,,,,,,,,,,,,,,,,,,,,,,,,,,,,,,,,,,,
,,,,,,,,,,,,,,,,,,,,,"2,2,2,3,",,,,,,,,,,,,,,,,,,,,,,,,,,,,,,,,,,,,,,,,,,,
,,,,,,,,,,,,,,,,,,,,,"4,1,6,4,",,,,,,,,,,,,,,,,,,,,,,,,,,,,,,,,,,,,,,,,,,,
,,,,,,,,,,,,,,,,,,,,,----------------------,,,,,,,,,,,,,,,,,,,,,,,,,,,,,,,,,,,,,,,,,,,
,,,,,,,,,,,,,,,,,,,,,TY2_N,2,2,,,,,,,,,,,,,,,,,,,,,,,,,,,,,,,,,,,,,,,,,
,,,,,,,,,,,,,,,,,,,,,"Surface,->,5,SwitchID,->,SW06",,,,,,,,,,,,,,,,,,,,,,,,,,,,,,,,,,,,,,,,,,,
,,,,,,,,,,,,,,,,,,,,,"4,1,3,4,",,,,,,,,,,,,,,,,,,,,,,,,,,,,,,,,,,,,,,,,,,,
,,,,,,,,,,,,,,,,,,,,,"5,1,5,5,",,,,,,,,,,,,,,,,,,,,,,,,,,,,,,,,,,,,,,,,,,,
,,,,,,,,,,,,,,,,,,,,,"3,1,2,1,",,,,,,,,,,,,,,,,,,,,,,,,,,,,,,,,,,,,,,,,,,,
,,,,,,,,,,,,,,,,,,,,,"6,4,3,6,",,,,,,,,,,,,,,,,,,,,,,,,,,,,,,,,,,,,,,,,,,,
,,,,,,,,,,,,,,,,,,,,,"2,5,2,3,",,,,,,,,,,,,,,,,,,,,,,,,,,,,,,,,,,,,,,,,,,,
,,,,,,,,,,,,,,,,,,,,,"4,6,6,2,",,,,,,,,,,,,,,,,,,,,,,,,,,,,,,,,,,,,,,,,,,,
,,,,,,,,,,,,,,,,,,,,,----------------------,,,,,,,,,,,,,,,,,,,,,,,,,,,,,,,,,,,,,,,,,,,
,,,,,,,,,,,,,,,,,,,,,TX1_P,1,1,,,,,,,,,,,,,,,,,,,,,,,,,,,,,,,,,,,,,,,,,
,,,,,,,,,,,,,,,,,,,,,"Surface,->,5,SwitchID,->,SW08",,,,,,,,,,,,,,,,,,,,,,,,,,,,,,,,,,,,,,,,,,,
,,,,,,,,,,,,,,,,,,,,,"1,4,4,3,",,,,,,,,,,,,,,,,,,,,,,,,,,,,,,,,,,,,,,,,,,,
,,,,,,,,,,,,,,,,,,,,,"5,2,5,6,",,,,,,,,,,,,,,,,,,,,,,,,,,,,,,,,,,,,,,,,,,,
,,,,,,,,,,,,,,,,,,,,,"3,1,2,1,",,,,,,,,,,,,,,,,,,,,,,,,,,,,,,,,,,,,,,,,,,,
,,,,,,,,,,,,,,,,,,,,,"5,4,2,6,",,,,,,,,,,,,,,,,,,,,,,,,,,,,,,,,,,,,,,,,,,,
,,,,,,,,,,,,,,,,,,,,,"1,5,2,3,",,,,,,,,,,,,,,,,,,,,,,,,,,,,,,,,,,,,,,,,,,,
,,,,,,,,,,,,,,,,,,,,,"4,6,6,3,",,,,,,,,,,,,,,,,,,,,,,,,,,,,,,,,,,,,,,,,,,,
,,,,,,,,,,,,,,,,,,,,,----------------------,,,,,,,,,,,,,,,,,,,,,,,,,,,,,,,,,,,,,,,,,,,
,,,,,,,,,,,,,,,,,,,,,TX2_P,-1,-1,,,,,,,,,,,,,,,,,,,,,,,,,,,,,,,,,,,,,,,,,
,,,,,,,,,,,,,,,,,,,,,"Surface,->,5,SwitchID,->,SW07",,,,,,,,,,,,,,,,,,,,,,,,,,,,,,,,,,,,,,,,,,,
,,,,,,,,,,,,,,,,,,,,,"1,4,4,3,",,,,,,,,,,,,,,,,,,,,,,,,,,,,,,,,,,,,,,,,,,,
,,,,,,,,,,,,,,,,,,,,,"6,2,4,6,",,,,,,,,,,,,,,,,,,,,,,,,,,,,,,,,,,,,,,,,,,,
,,,,,,,,,,,,,,,,,,,,,"2,3,1,1,",,,,,,,,,,,,,,,,,,,,,,,,,,,,,,,,,,,,,,,,,,,
,,,,,,,,,,,,,,,,,,,,,"5,3,2,2,",,,,,,,,,,,,,,,,,,,,,,,,,,,,,,,,,,,,,,,,,,,
,,,,,,,,,,,,,,,,,,,,,"1,5,5,5,",,,,,,,,,,,,,,,,,,,,,,,,,,,,,,,,,,,,,,,,,,,
,,,,,,,,,,,,,,,,,,,,,"4,6,6,3,",,,,,,,,,,,,,,,,,,,,,,,,,,,,,,,,,,,,,,,,,,,
,,,,,,,,,,,,,,,,,,,,,----------------------,,,,,,,,,,,,,,,,,,,,,,,,,,,,,,,,,,,,,,,,,,,
,,,,,,,,,,,,,,,,,,,,,TZ2_P,-3,-3,,,,,,,,,,,,,,,,,,,,,,,,,,,,,,,,,,,,,,,,,
,,,,,,,,,,,,,,,,,,,,,"Surface,->,1,SwitchID,->,SW03",,,,,,,,,,,,,,,,,,,,,,,,,,,,,,,,,,,,,,,,,,,
,,,,,,,,,,,,,,,,,,,,,"5,3,4,3,",,,,,,,,,,,,,,,,,,,,,,,,,,,,,,,,,,,,,,,,,,,
,,,,,,,,,,,,,,,,,,,,,"1,4,4,6,",,,,,,,,,,,,,,,,,,,,,,,,,,,,,,,,,,,,,,,,,,,
,,,,,,,,,,,,,,,,,,,,,"6,2,1,1,",,,,,,,,,,,,,,,,,,,,,,,,,,,,,,,,,,,,,,,,,,,
,,,,,,,,,,,,,,,,,,,,,"2,3,2,2,",,,,,,,,,,,,,,,,,,,,,,,,,,,,,,,,,,,,,,,,,,,
,,,,,,,,,,,,,,,,,,,,,"1,5,5,5,",,,,,,,,,,,,,,,,,,,,,,,,,,,,,,,,,,,,,,,,,,,
,,,,,,,,,,,,,,,,,,,,,"6,4,3,6,",,,,,,,,,,,,,,,,,,,,,,,,,,,,,,,,,,,,,,,,,,,
,,,,,,,,,,,,,,,,,,,,,----------------------,,,,,,,,,,,,,,,,,,,,,,,,,,,,,,,,,,,,,,,,,,,
,,,,,,,,,,,,,,,,,,,,,TX2_P,-1,-1,,,,,,,,,,,,,,,,,,,,,,,,,,,,,,,,,,,,,,,,,
,,,,,,,,,,,,,,,,,,,,,"Surface,->,5,SwitchID,->,SW07",,,,,,,,,,,,,,,,,,,,,,,,,,,,,,,,,,,,,,,,,,,
,,,,,,,,,,,,,,,,,,,,,"5,3,4,3,",,,,,,,,,,,,,,,,,,,,,,,,,,,,,,,,,,,,,,,,,,,
,,,,,,,,,,,,,,,,,,,,,"4,4,6,6,",,,,,,,,,,,,,,,,,,,,,,,,,,,,,,,,,,,,,,,,,,,
,,,,,,,,,,,,,,,,,,,,,"1,6,1,2,",,,,,,,,,,,,,,,,,,,,,,,,,,,,,,,,,,,,,,,,,,,
,,,,,,,,,,,,,,,,,,,,,"2,5,2,5,",,,,,,,,,,,,,,,,,,,,,,,,,,,,,,,,,,,,,,,,,,,
,,,,,,,,,,,,,,,,,,,,,"1,5,1,4,",,,,,,,,,,,,,,,,,,,,,,,,,,,,,,,,,,,,,,,,,,,
,,,,,,,,,,,,,,,,,,,,,"3,2,3,6,",,,,,,,,,,,,,,,,,,,,,,,,,,,,,,,,,,,,,,,,,,,
,,,,,,,,,,,,,,,,,,,,,----------------------,,,,,,,,,,,,,,,,,,,,,,,,,,,,,,,,,,,,,,,,,,,
,,,,,,,,,,,,,,,,,,,,,TY1_N,-2,-2,,,,,,,,,,,,,,,,,,,,,,,,,,,,,,,,,,,,,,,,,
,,,,,,,,,,,,,,,,,,,,,"Surface,->,5,SwitchID,->,SW05",,,,,,,,,,,,,,,,,,,,,,,,,,,,,,,,,,,,,,,,,,,
,,,,,,,,,,,,,,,,,,,,,"3,3,3,3,",,,,,,,,,,,,,,,,,,,,,,,,,,,,,,,,,,,,,,,,,,,
,,,,,,,,,,,,,,,,,,,,,"6,4,6,4,",,,,,,,,,,,,,,,,,,,,,,,,,,,,,,,,,,,,,,,,,,,
,,,,,,,,,,,,,,,,,,,,,"1,1,1,1,",,,,,,,,,,,,,,,,,,,,,,,,,,,,,,,,,,,,,,,,,,,
,,,,,,,,,,,,,,,,,,,,,"2,5,2,5,",,,,,,,,,,,,,,,,,,,,,,,,,,,,,,,,,,,,,,,,,,,
,,,,,,,,,,,,,,,,,,,,,"5,5,4,4,",,,,,,,,,,,,,,,,,,,,,,,,,,,,,,,,,,,,,,,,,,,
,,,,,,,,,,,,,,,,,,,,,"2,2,6,6,",,,,,,,,,,,,,,,,,,,,,,,,,,,,,,,,,,,,,,,,,,,
,,,,,,,,,,,,,,,,,,,,,----------------------,,,,,,,,,,,,,,,,,,,,,,,,,,,,,,,,,,,,,,,,,,,
,,,,,,,,,,,,,,,,,,,,,TX2_N,1,1,,,,,,,,,,,,,,,,,,,,,,,,,,,,,,,,,,,,,,,,,
,,,,,,,,,,,,,,,,,,,,,"Surface,->,5,SwitchID,->,SW04",,,,,,,,,,,,,,,,,,,,,,,,,,,,,,,,,,,,,,,,,,,
,,,,,,,,,,,,,,,,,,,,,"3,3,3,3,",,,,,,,,,,,,,,,,,,,,,,,,,,,,,,,,,,,,,,,,,,,
,,,,,,,,,,,,,,,,,,,,,"4,4,4,4,",,,,,,,,,,,,,,,,,,,,,,,,,,,,,,,,,,,,,,,,,,,
,,,,,,,,,,,,,,,,,,,,,"1,1,1,1,",,,,,,,,,,,,,,,,,,,,,,,,,,,,,,,,,,,,,,,,,,,
,,,,,,,,,,,,,,,,,,,,,"2,2,2,2,",,,,,,,,,,,,,,,,,,,,,,,,,,,,,,,,,,,,,,,,,,,
,,,,,,,,,,,,,,,,,,,,,"5,5,5,5,",,,,,,,,,,,,,,,,,,,,,,,,,,,,,,,,,,,,,,,,,,,
,,,,,,,,,,,,,,,,,,,,,"6,6,6,6,",,,,,,,,,,,,,,,,,,,,,,,,,,,,,,,,,,,,,,,,,,,
,,,,,,,,,,,,,,,,,,,,,----------------------,,,,,,,,,,,,,,,,,,,,,,,,,,,,,,,,,,,,,,,,,,,
